label,window_start,lam0,c,total_cost,pnl_variance,premium0
gbm_vol_0.15,2024-03-04,0.03,0.25,0.06197925853288837,0.004501602021945406,3.6470209002818135
gbm_vol_0.15,2024-03-04,0.03,0.5,0.056294269806712725,0.007690211857201232,3.6470209002818135
gbm_vol_0.15,2024-03-04,0.03,1.0,0.04517826830429124,0.01258354258134829,3.6470209002818135
gbm_vol_0.15,2024-03-04,0.03,2.0,0.023499598465788224,0.050335574751499815,3.6470209002818135
gbm_vol_0.15,2024-03-04,0.03,4.0,0.0,0.1472462304248401,3.6470209002818135
gbm_vol_0.15,2024-03-04,0.03,8.0,0.0,0.1472462304248401,3.6470209002818135
gbm_vol_0.15,2024-03-04,0.03,16.0,0.0,0.1472462304248401,3.6470209002818135
gbm_vol_0.15,2024-03-04,0.3,0.25,0.07072493871749455,0.0043114186042320125,3.6470209002818135
gbm_vol_0.15,2024-03-04,0.3,0.5,0.06282566705580216,0.004415568980310635,3.6470209002818135
gbm_vol_0.15,2024-03-04,0.3,1.0,0.05710929518281144,0.006984519651555134,3.6470209002818135
gbm_vol_0.15,2024-03-04,0.3,2.0,0.046765806273172505,0.0112496143032712,3.6470209002818135
gbm_vol_0.15,2024-03-04,0.3,4.0,0.026572270740761798,0.042213219002952065,3.6470209002818135
gbm_vol_0.15,2024-03-04,0.3,8.0,0.0,0.1472462304248401,3.6470209002818135
gbm_vol_0.15,2024-03-04,0.3,16.0,0.0,0.1472462304248401,3.6470209002818135
gbm_vol_0.15,2024-03-04,3.0,0.25,0.07665945043520832,0.004592958250966601,3.6470209002818135
gbm_vol_0.15,2024-03-04,3.0,0.5,0.07129115124074287,0.0043386254246407276,3.6470209002818135
gbm_vol_0.15,2024-03-04,3.0,1.0,0.0639584396183556,0.0043450675938874585,3.6470209002818135
gbm_vol_0.15,2024-03-04,3.0,2.0,0.05786589771977362,0.006403877653994192,3.6470209002818135
gbm_vol_0.15,2024-03-04,3.0,4.0,0.04823954597503164,0.010296767041135628,3.6470209002818135
gbm_vol_0.15,2024-03-04,3.0,8.0,0.02942529037327135,0.03579229889678506,3.6470209002818135
gbm_vol_0.15,2024-03-04,3.0,16.0,0.0,0.1472462304248401,3.6470209002818135
gbm_vol_0.15,2024-03-07,0.03,0.25,0.12571373253171012,0.002818941249294066,1.9588845626427611
gbm_vol_0.15,2024-03-07,0.03,0.5,0.10227440640840961,0.005478961046629071,1.9588845626427611
gbm_vol_0.15,2024-03-07,0.03,1.0,0.09233584232655653,0.014048221690172285,1.9588845626427611
gbm_vol_0.15,2024-03-07,0.03,2.0,0.09288393751804166,0.07306486900212746,1.9588845626427611
gbm_vol_0.15,2024-03-07,0.03,4.0,0.0932255737443429,0.21065928080246676,1.9588845626427611
gbm_vol_0.15,2024-03-07,0.03,8.0,0.09315545674824477,0.22880063724407496,1.9588845626427611
gbm_vol_0.15,2024-03-07,0.03,16.0,0.0931201734858976,0.23663482291724333,1.9588845626427611
gbm_vol_0.15,2024-03-07,0.3,0.25,0.14627456395284275,0.0018738909496246478,1.9588845626427611
gbm_vol_0.15,2024-03-07,0.3,0.5,0.1284635370348076,0.0026202125788478683,1.9588845626427611
gbm_vol_0.15,2024-03-07,0.3,1.0,0.10550578335584743,0.0050526931625823855,1.9588845626427611
gbm_vol_0.15,2024-03-07,0.3,2.0,0.09229634903450745,0.012079662549026836,1.9588845626427611
gbm_vol_0.15,2024-03-07,0.3,4.0,0.09280780526290956,0.06115678306229691,1.9588845626427611
gbm_vol_0.15,2024-03-07,0.3,8.0,0.09320361165208538,0.2081422469132704,1.9588845626427611
gbm_vol_0.15,2024-03-07,0.3,16.0,0.09317069993273595,0.2259227316816304,1.9588845626427611
gbm_vol_0.15,2024-03-07,3.0,0.25,0.15817207652316118,0.0016412535951803322,1.9588845626427611
gbm_vol_0.15,2024-03-07,3.0,0.5,0.14755383317884918,0.001866779588003101,1.9588845626427611
gbm_vol_0.15,2024-03-07,3.0,1.0,0.13101442093500373,0.0024336870823762156,1.9588845626427611
gbm_vol_0.15,2024-03-07,3.0,2.0,0.10850656903747058,0.004683168013440412,1.9588845626427611
gbm_vol_0.15,2024-03-07,3.0,4.0,0.09225968670983192,0.01052499352822389,1.9588845626427611
gbm_vol_0.15,2024-03-07,3.0,8.0,0.09273448061355852,0.05098220845473842,1.9588845626427611
gbm_vol_0.15,2024-03-07,3.0,16.0,0.0931861553991149,0.19427013054983752,1.9588845626427611
gbm_vol_0.15,2024-03-11,0.03,0.25,0.09712865689012981,0.015699819996641638,3.318250264811239
gbm_vol_0.15,2024-03-11,0.03,0.5,0.07294121533503939,0.026459022954375567,3.318250264811239
gbm_vol_0.15,2024-03-11,0.03,1.0,0.06505119167160235,0.0670908010743442,3.318250264811239
gbm_vol_0.15,2024-03-11,0.03,2.0,0.04941298322814851,0.15289590425961697,3.318250264811239
gbm_vol_0.15,2024-03-11,0.03,4.0,0.017675293588499078,0.3959249698579194,3.318250264811239
gbm_vol_0.15,2024-03-11,0.03,8.0,0.0,0.521328212209285,3.318250264811239
gbm_vol_0.15,2024-03-11,0.03,16.0,0.0,0.521328212209285,3.318250264811239
gbm_vol_0.15,2024-03-11,0.3,0.25,0.14270556399987716,0.011970079827337155,3.318250264811239
gbm_vol_0.15,2024-03-11,0.3,0.5,0.10124877547059666,0.015912458777738538,3.318250264811239
gbm_vol_0.15,2024-03-11,0.3,1.0,0.07351906006997203,0.02436220993471553,3.318250264811239
gbm_vol_0.15,2024-03-11,0.3,2.0,0.06616550935585522,0.06052237555220765,3.318250264811239
gbm_vol_0.15,2024-03-11,0.3,4.0,0.051657762157731005,0.13667227950751148,3.318250264811239
gbm_vol_0.15,2024-03-11,0.3,8.0,0.022278723274217063,0.36623722848198187,3.318250264811239
gbm_vol_0.15,2024-03-11,0.3,16.0,0.0,0.521328212209285,3.318250264811239
gbm_vol_0.15,2024-03-11,3.0,0.25,0.17409472129725795,0.010199311846430062,3.318250264811239
gbm_vol_0.15,2024-03-11,3.0,0.5,0.1469035509594194,0.011707584409421908,3.318250264811239
gbm_vol_0.15,2024-03-11,3.0,1.0,0.1061823188479424,0.01605724658342608,3.318250264811239
gbm_vol_0.15,2024-03-11,3.0,2.0,0.07405548360381707,0.022569687977786208,3.318250264811239
gbm_vol_0.15,2024-03-11,3.0,4.0,0.06721339818529293,0.05382160610265126,3.318250264811239
gbm_vol_0.15,2024-03-11,3.0,8.0,0.05374163032042688,0.12326320901223758,3.318250264811239
gbm_vol_0.15,2024-03-11,3.0,16.0,0.026552168839327095,0.34198930599517247,3.318250264811239
gbm_vol_0.15,2024-03-13,0.03,0.25,0.09926612099672091,0.006499966099337177,2.0235875914841137
gbm_vol_0.15,2024-03-13,0.03,0.5,0.07336940141012975,0.015898136825543207,2.0235875914841137
gbm_vol_0.15,2024-03-13,0.03,1.0,0.04834601597357552,0.02472058960965342,2.0235875914841137
gbm_vol_0.15,2024-03-13,0.03,2.0,0.027368437891505455,0.05806639807193225,2.0235875914841137
gbm_vol_0.15,2024-03-13,0.03,4.0,0.0,0.16681565180446006,2.0235875914841137
gbm_vol_0.15,2024-03-13,0.03,8.0,0.0,0.16681565180446006,2.0235875914841137
gbm_vol_0.15,2024-03-13,0.03,16.0,0.0,0.16681565180446006,2.0235875914841137
gbm_vol_0.15,2024-03-13,0.3,0.25,0.12161612965342528,0.004598863426152594,2.0235875914841137
gbm_vol_0.15,2024-03-13,0.3,0.5,0.10180132180768837,0.0060775283424096965,2.0235875914841137
gbm_vol_0.15,2024-03-13,0.3,1.0,0.07643301358871758,0.014526391404453049,2.0235875914841137
gbm_vol_0.15,2024-03-13,0.3,2.0,0.04983556910113181,0.023190026933243794,2.0235875914841137
gbm_vol_0.15,2024-03-13,0.3,4.0,0.030376388794228083,0.04953779493491541,2.0235875914841137
gbm_vol_0.15,2024-03-13,0.3,8.0,0.0,0.16681565180446006,2.0235875914841137
gbm_vol_0.15,2024-03-13,0.3,16.0,0.0,0.16681565180446006,2.0235875914841137
gbm_vol_0.15,2024-03-13,3.0,0.25,0.14003125178953615,0.0042037936586319475,2.0235875914841137
gbm_vol_0.15,2024-03-13,3.0,0.5,0.12315098891950402,0.004563450384630841,2.0235875914841137
gbm_vol_0.15,2024-03-13,3.0,1.0,0.10415522688747056,0.005728330279211353,2.0235875914841137
gbm_vol_0.15,2024-03-13,3.0,2.0,0.07928355666848239,0.013076086416822851,2.0235875914841137
gbm_vol_0.15,2024-03-13,3.0,4.0,0.05121834773391948,0.02210434246160692,2.0235875914841137
gbm_vol_0.15,2024-03-13,3.0,8.0,0.03316872305865465,0.042760209315594606,2.0235875914841137
gbm_vol_0.15,2024-03-13,3.0,16.0,0.0,0.16681565180446006,2.0235875914841137
gbm_vol_0.15,2024-03-18,0.03,0.25,0.10327145867211507,0.0009217426815561264,3.0156091218288554
gbm_vol_0.15,2024-03-18,0.03,0.5,0.09952575731422572,0.00236908250664401,3.0156091218288554
gbm_vol_0.15,2024-03-18,0.03,1.0,0.09981086359765434,0.008446955934726321,3.0156091218288554
gbm_vol_0.15,2024-03-18,0.03,2.0,0.10038107616451154,0.03417698625651801,3.0156091218288554
gbm_vol_0.15,2024-03-18,0.03,4.0,0.10127360437891024,0.12117459829910926,3.0156091218288554
gbm_vol_0.15,2024-03-18,0.03,8.0,0.10168429633486925,0.29587261771262097,3.0156091218288554
gbm_vol_0.15,2024-03-18,0.03,16.0,0.10166551077079179,0.4076187909148908,3.0156091218288554
gbm_vol_0.15,2024-03-18,0.3,0.25,0.10871207460099364,0.0004369538061489063,3.0156091218288554
gbm_vol_0.15,2024-03-18,0.3,0.5,0.1038793580241173,0.0008490463714238201,3.0156091218288554
gbm_vol_0.15,2024-03-18,0.3,1.0,0.09950532025910812,0.0021072043444939318,3.0156091218288554
gbm_vol_0.15,2024-03-18,0.3,2.0,0.09976998948741915,0.007297759413973193,3.0156091218288554
gbm_vol_0.15,2024-03-18,0.3,4.0,0.10029932794404117,0.029376832429201857,3.0156091218288554
gbm_vol_0.15,2024-03-18,0.3,8.0,0.10119171793682219,0.10748565441609444,3.0156091218288554
gbm_vol_0.15,2024-03-18,0.3,16.0,0.10166641937035817,0.2778515419659056,3.0156091218288554
gbm_vol_0.15,2024-03-18,3.0,0.25,0.11596738380246839,0.00028581856859796376,3.0156091218288554
gbm_vol_0.15,2024-03-18,3.0,0.5,0.10950982821874422,0.00041107963908249885,3.0156091218288554
gbm_vol_0.15,2024-03-18,3.0,1.0,0.10444353359668285,0.0007874573860792936,3.0156091218288554
gbm_vol_0.15,2024-03-18,3.0,2.0,0.09948634817774296,0.001884907805892253,3.0156091218288554
gbm_vol_0.15,2024-03-18,3.0,4.0,0.09973204532468884,0.006314178314458749,3.0156091218288554
gbm_vol_0.15,2024-03-18,3.0,8.0,0.10022343961858055,0.02525371814092873,3.0156091218288554
gbm_vol_0.15,2024-03-18,3.0,16.0,0.10109944693263848,0.09501706154979428,3.0156091218288554
gbm_vol_0.15,2024-03-19,0.03,0.25,0.1421677026881547,0.00823684288368388,2.0117135069222263
gbm_vol_0.15,2024-03-19,0.03,0.5,0.111839347360293,0.01617062305140511,2.0117135069222263
gbm_vol_0.15,2024-03-19,0.03,1.0,0.07666695163663602,0.03800894907080958,2.0117135069222263
gbm_vol_0.15,2024-03-19,0.03,2.0,0.027595437713169954,0.12419879197385232,2.0117135069222263
gbm_vol_0.15,2024-03-19,0.03,4.0,0.0,0.1491371988700851,2.0117135069222263
gbm_vol_0.15,2024-03-19,0.03,8.0,0.0,0.1491371988700851,2.0117135069222263
gbm_vol_0.15,2024-03-19,0.03,16.0,0.0,0.1491371988700851,2.0117135069222263
gbm_vol_0.15,2024-03-19,0.3,0.25,0.1736028582454666,0.004703687897269296,2.0117135069222263
gbm_vol_0.15,2024-03-19,0.3,0.5,0.14433958985817805,0.007606261960884645,2.0117135069222263
gbm_vol_0.15,2024-03-19,0.3,1.0,0.11619051985274689,0.015117189207724662,2.0117135069222263
gbm_vol_0.15,2024-03-19,0.3,2.0,0.08167863575930426,0.03428485468420349,2.0117135069222263
gbm_vol_0.15,2024-03-19,0.3,4.0,0.03267409885855621,0.10612212980501566,2.0117135069222263
gbm_vol_0.15,2024-03-19,0.3,8.0,0.0,0.1491371988700851,2.0117135069222263
gbm_vol_0.15,2024-03-19,0.3,16.0,0.0,0.1491371988700851,2.0117135069222263
gbm_vol_0.15,2024-03-19,3.0,0.25,0.20550147366014462,0.003922709899206813,2.0117135069222263
gbm_vol_0.15,2024-03-19,3.0,0.5,0.17762981878671713,0.004575033408535354,2.0117135069222263
gbm_vol_0.15,2024-03-19,3.0,1.0,0.14635579130542745,0.007057833628548901,2.0117135069222263
gbm_vol_0.15,2024-03-19,3.0,2.0,0.12022959954549325,0.014269915386017917,2.0117135069222263
gbm_vol_0.15,2024-03-19,3.0,4.0,0.08633107117157854,0.03126855515311787,2.0117135069222263
gbm_vol_0.15,2024-03-19,3.0,8.0,0.03738871023098181,0.09122565462467448,2.0117135069222263
gbm_vol_0.15,2024-03-19,3.0,16.0,0.0,0.1491371988700851,2.0117135069222263
gbm_vol_0.15,2024-03-22,0.03,0.25,0.06792531029663998,0.014588314496386324,3.3681147439768147
gbm_vol_0.15,2024-03-22,0.03,0.5,0.05646375232154378,0.010440017377569888,3.3681147439768147
gbm_vol_0.15,2024-03-22,0.03,1.0,0.04634352376412553,0.014099558314827199,3.3681147439768147
gbm_vol_0.15,2024-03-22,0.03,2.0,0.02664596597582881,0.03547137398650865,3.3681147439768147
gbm_vol_0.15,2024-03-22,0.03,4.0,0.0,0.12247876601864854,3.3681147439768147
gbm_vol_0.15,2024-03-22,0.03,8.0,0.0,0.12247876601864854,3.3681147439768147
gbm_vol_0.15,2024-03-22,0.03,16.0,0.0,0.12247876601864854,3.3681147439768147
gbm_vol_0.15,2024-03-22,0.3,0.25,0.07956686028995415,0.013354834540968792,3.3681147439768147
gbm_vol_0.15,2024-03-22,0.3,0.5,0.06946703200618581,0.015041346856791198,3.3681147439768147
gbm_vol_0.15,2024-03-22,0.3,1.0,0.057190189559959664,0.0108125485899125,3.3681147439768147
gbm_vol_0.15,2024-03-22,0.3,2.0,0.04778412651637306,0.012697195620571828,3.3681147439768147
gbm_vol_0.15,2024-03-22,0.3,4.0,0.02944737024909445,0.03146800317349163,3.3681147439768147
gbm_vol_0.15,2024-03-22,0.3,8.0,0.0,0.12247876601864854,3.3681147439768147
gbm_vol_0.15,2024-03-22,0.3,16.0,0.0,0.12247876601864854,3.3681147439768147
gbm_vol_0.15,2024-03-22,3.0,0.25,0.08627931888550704,0.011231564704479792,3.3681147439768147
gbm_vol_0.15,2024-03-22,3.0,0.5,0.08045400899550688,0.01306225772225562,3.3681147439768147
gbm_vol_0.15,2024-03-22,3.0,1.0,0.07089824765470516,0.015483468837846515,3.3681147439768147
gbm_vol_0.15,2024-03-22,3.0,2.0,0.05866179463136304,0.0111967382553585,3.3681147439768147
gbm_vol_0.15,2024-03-22,3.0,4.0,0.049131223648656776,0.011552210205363796,3.3681147439768147
gbm_vol_0.15,2024-03-22,3.0,8.0,0.032047963607739434,0.029030687131940017,3.3681147439768147
gbm_vol_0.15,2024-03-22,3.0,16.0,0.0,0.12247876601864854,3.3681147439768147
gbm_vol_0.15,2024-03-25,0.03,0.25,0.03528451264096724,0.003593698017562258,1.6417776276682932
gbm_vol_0.15,2024-03-25,0.03,0.5,0.027853058242401422,0.0019731318239406413,1.6417776276682932
gbm_vol_0.15,2024-03-25,0.03,1.0,0.01772682347051635,0.0035458996464560774,1.6417776276682932
gbm_vol_0.15,2024-03-25,0.03,2.0,0.0,0.017585470210269308,1.6417776276682932
gbm_vol_0.15,2024-03-25,0.03,4.0,0.0,0.017585470210269308,1.6417776276682932
gbm_vol_0.15,2024-03-25,0.03,8.0,0.0,0.017585470210269308,1.6417776276682932
gbm_vol_0.15,2024-03-25,0.03,16.0,0.0,0.017585470210269308,1.6417776276682932
gbm_vol_0.15,2024-03-25,0.3,0.25,0.045936871357729815,0.0026635493705277537,1.6417776276682932
gbm_vol_0.15,2024-03-25,0.3,0.5,0.03622008483739093,0.0037865878638822857,1.6417776276682932
gbm_vol_0.15,2024-03-25,0.3,1.0,0.028582615611548377,0.002071982580117413,1.6417776276682932
gbm_vol_0.15,2024-03-25,0.3,2.0,0.019179225920084184,0.003583430468089589,1.6417776276682932
gbm_vol_0.15,2024-03-25,0.3,4.0,0.00056955347604079,0.016524676249768954,1.6417776276682932
gbm_vol_0.15,2024-03-25,0.3,8.0,0.0,0.017585470210269308,1.6417776276682932
gbm_vol_0.15,2024-03-25,0.3,16.0,0.0,0.017585470210269308,1.6417776276682932
gbm_vol_0.15,2024-03-25,3.0,0.25,0.05179807607428001,0.001987871945490357,1.6417776276682932
gbm_vol_0.15,2024-03-25,3.0,0.5,0.046708999460888107,0.0025836622493839354,1.6417776276682932
gbm_vol_0.15,2024-03-25,3.0,1.0,0.037567300929043534,0.003621277824462549,1.6417776276682932
gbm_vol_0.15,2024-03-25,3.0,2.0,0.02925987667917086,0.0022026928255416763,1.6417776276682932
gbm_vol_0.15,2024-03-25,3.0,4.0,0.020518488990686166,0.0030187318656949885,1.6417776276682932
gbm_vol_0.15,2024-03-25,3.0,8.0,0.0032272202236663526,0.012278957886056291,1.6417776276682932
gbm_vol_0.15,2024-03-25,3.0,16.0,0.0,0.017585470210269308,1.6417776276682932
gbm_vol_0.15,2024-03-28,0.03,0.25,0.036010989750261,0.0006469870524860186,1.9363822208744927
gbm_vol_0.15,2024-03-28,0.03,0.5,0.030634404688280718,0.0017189663208133027,1.9363822208744927
gbm_vol_0.15,2024-03-28,0.03,1.0,0.0209282356867393,0.004928325873244895,1.9363822208744927
gbm_vol_0.15,2024-03-28,0.03,2.0,0.0018750049851780574,0.021579873031118118,1.9363822208744927
gbm_vol_0.15,2024-03-28,0.03,4.0,0.0,0.025035489717757056,1.9363822208744927
gbm_vol_0.15,2024-03-28,0.03,8.0,0.0,0.025035489717757056,1.9363822208744927
gbm_vol_0.15,2024-03-28,0.03,16.0,0.0,0.025035489717757056,1.9363822208744927
gbm_vol_0.15,2024-03-28,0.3,0.25,0.04385085978428072,0.0004426231074682273,1.9363822208744927
gbm_vol_0.15,2024-03-28,0.3,0.5,0.03699146272074227,0.0005873596790855884,1.9363822208744927
gbm_vol_0.15,2024-03-28,0.3,1.0,0.03133750025208965,0.0014733143017899748,1.9363822208744927
gbm_vol_0.15,2024-03-28,0.3,2.0,0.022313208011696214,0.004474329504641741,1.9363822208744927
gbm_vol_0.15,2024-03-28,0.3,4.0,0.004588484982549921,0.01728240634664273,1.9363822208744927
gbm_vol_0.15,2024-03-28,0.3,8.0,0.0,0.025035489717757056,1.9363822208744927
gbm_vol_0.15,2024-03-28,0.3,16.0,0.0,0.025035489717757056,1.9363822208744927
gbm_vol_0.15,2024-03-28,3.0,0.25,0.05190743481977935,0.0004896485278503021,1.9363822208744927
gbm_vol_0.15,2024-03-28,3.0,0.5,0.04482445578534004,0.00045181692433266934,1.9363822208744927
gbm_vol_0.15,2024-03-28,3.0,1.0,0.03790165319903128,0.0005407219247605921,1.9363822208744927
gbm_vol_0.15,2024-03-28,3.0,2.0,0.03199274654905077,0.0012721686363736972,1.9363822208744927
gbm_vol_0.15,2024-03-28,3.0,4.0,0.023598941988701116,0.004075550278803154,1.9363822208744927
gbm_vol_0.15,2024-03-28,3.0,8.0,0.007111439496610602,0.01398215424766484,1.9363822208744927
gbm_vol_0.15,2024-03-28,3.0,16.0,0.0,0.025035489717757056,1.9363822208744927
gbm_vol_0.15,2024-04-01,0.03,0.25,0.05228710239316761,0.0022714700724769696,1.9797882646499252
gbm_vol_0.15,2024-04-01,0.03,0.5,0.047041921983960136,0.003982985220017661,1.9797882646499252
gbm_vol_0.15,2024-04-01,0.03,1.0,0.03670753953763764,0.01343866786901528,1.9797882646499252
gbm_vol_0.15,2024-04-01,0.03,2.0,0.016488870640192468,0.043457990098904664,1.9797882646499252
gbm_vol_0.15,2024-04-01,0.03,4.0,0.0,0.07519043729067895,1.9797882646499252
gbm_vol_0.15,2024-04-01,0.03,8.0,0.0,0.07519043729067895,1.9797882646499252
gbm_vol_0.15,2024-04-01,0.03,16.0,0.0,0.07519043729067895,1.9797882646499252
gbm_vol_0.15,2024-04-01,0.3,0.25,0.06643999226957467,0.0011395171799067074,1.9797882646499252
gbm_vol_0.15,2024-04-01,0.3,0.5,0.05354469478170585,0.00222583552703161,1.9797882646499252
gbm_vol_0.15,2024-04-01,0.3,1.0,0.04779389447531033,0.0035743144217515897,1.9797882646499252
gbm_vol_0.15,2024-04-01,0.3,2.0,0.038170366723094956,0.011704051035551118,1.9797882646499252
gbm_vol_0.15,2024-04-01,0.3,4.0,0.01939698217194369,0.03816592815203695,1.9797882646499252
gbm_vol_0.15,2024-04-01,0.3,8.0,0.0,0.07519043729067895,1.9797882646499252
gbm_vol_0.15,2024-04-01,0.3,16.0,0.0,0.07519043729067895,1.9797882646499252
gbm_vol_0.15,2024-04-01,3.0,0.25,0.07616049649421698,0.0009122661217662541,1.9797882646499252
gbm_vol_0.15,2024-04-01,3.0,0.5,0.06753054533661501,0.0010753394194557763,1.9797882646499252
gbm_vol_0.15,2024-04-01,3.0,1.0,0.05507068552414282,0.002022548666370597,1.9797882646499252
gbm_vol_0.15,2024-04-01,3.0,2.0,0.048491963899117335,0.003243860463877649,1.9797882646499252
gbm_vol_0.15,2024-04-01,3.0,4.0,0.03953810221185781,0.010164175194496621,1.9797882646499252
gbm_vol_0.15,2024-04-01,3.0,8.0,0.022086630267458614,0.03367237140732659,1.9797882646499252
gbm_vol_0.15,2024-04-01,3.0,16.0,0.0,0.07519043729067895,1.9797882646499252
gbm_vol_0.20,2024-03-04,0.03,0.25,0.04196499227640451,0.0011837246423270038,2.423332956318749
gbm_vol_0.20,2024-03-04,0.03,0.5,0.03510771297775074,0.002889538470941377,2.423332956318749
gbm_vol_0.20,2024-03-04,0.03,1.0,0.02548084678359686,0.009097859562413829,2.423332956318749
gbm_vol_0.20,2024-03-04,0.03,2.0,0.006493765787387676,0.019629438391513956,2.423332956318749
gbm_vol_0.20,2024-03-04,0.03,4.0,0.0,0.030550823269489637,2.423332956318749
gbm_vol_0.20,2024-03-04,0.03,8.0,0.0,0.030550823269489637,2.423332956318749
gbm_vol_0.20,2024-03-04,0.03,16.0,0.0,0.030550823269489637,2.423332956318749
gbm_vol_0.20,2024-03-04,0.3,0.25,0.05161483381466379,0.0005883526968928424,2.423332956318749
gbm_vol_0.20,2024-03-04,0.3,0.5,0.042873534152956944,0.001109252738213425,2.423332956318749
gbm_vol_0.20,2024-03-04,0.3,1.0,0.03580717566098223,0.002596275066720034,2.423332956318749
gbm_vol_0.20,2024-03-04,0.3,2.0,0.02684891849194168,0.007974387221562565,2.423332956318749
gbm_vol_0.20,2024-03-04,0.3,4.0,0.009246628122490936,0.01672030342247964,2.423332956318749
gbm_vol_0.20,2024-03-04,0.3,8.0,0.0,0.030550823269489637,2.423332956318749
gbm_vol_0.20,2024-03-04,0.3,16.0,0.0,0.030550823269489637,2.423332956318749
gbm_vol_0.20,2024-03-04,3.0,0.25,0.06071632853321208,0.0003557114846484297,2.423332956318749
gbm_vol_0.20,2024-03-04,3.0,0.5,0.05238856386720706,0.0005489683257980786,2.423332956318749
gbm_vol_0.20,2024-03-04,3.0,1.0,0.04372173723670317,0.0010250995975007876,2.423332956318749
gbm_vol_0.20,2024-03-04,3.0,2.0,0.03645649929698544,0.0023584474957208837,2.423332956318749
gbm_vol_0.20,2024-03-04,3.0,4.0,0.02811892376494866,0.007069011335277947,2.423332956318749
gbm_vol_0.20,2024-03-04,3.0,8.0,0.0117945168217504,0.014940502694613616,2.423332956318749
gbm_vol_0.20,2024-03-04,3.0,16.0,0.0,0.030550823269489637,2.423332956318749
gbm_vol_0.20,2024-03-07,0.03,0.25,0.09343172048957803,0.005435307710436866,3.170406553042976
gbm_vol_0.20,2024-03-07,0.03,0.5,0.06793459348924627,0.008609511689896565,3.170406553042976
gbm_vol_0.20,2024-03-07,0.03,1.0,0.04802605406760581,0.015031996719958916,3.170406553042976
gbm_vol_0.20,2024-03-07,0.03,2.0,0.03099542552313609,0.0543043622325887,3.170406553042976
gbm_vol_0.20,2024-03-07,0.03,4.0,0.0,0.294875466287712,3.170406553042976
gbm_vol_0.20,2024-03-07,0.03,8.0,0.0,0.294875466287712,3.170406553042976
gbm_vol_0.20,2024-03-07,0.03,16.0,0.0,0.294875466287712,3.170406553042976
gbm_vol_0.20,2024-03-07,0.3,0.25,0.11942134715525611,0.004748518792436087,3.170406553042976
gbm_vol_0.20,2024-03-07,0.3,0.5,0.09635093641772093,0.005204235397369037,3.170406553042976
gbm_vol_0.20,2024-03-07,0.3,1.0,0.06999366854303865,0.008110111320469175,3.170406553042976
gbm_vol_0.20,2024-03-07,0.3,2.0,0.049231214264616865,0.013994279247340202,3.170406553042976
gbm_vol_0.20,2024-03-07,0.3,4.0,0.03343808006435808,0.04417476585313452,3.170406553042976
gbm_vol_0.20,2024-03-07,0.3,8.0,0.0017654221559936188,0.27693056813513317,3.170406553042976
gbm_vol_0.20,2024-03-07,0.3,16.0,0.0,0.294875466287712,3.170406553042976
gbm_vol_0.20,2024-03-07,3.0,0.25,0.1364181134782065,0.004777449819139322,3.170406553042976
gbm_vol_0.20,2024-03-07,3.0,0.5,0.12138767916749904,0.004725899816415565,3.170406553042976
gbm_vol_0.20,2024-03-07,3.0,1.0,0.09906089642871542,0.005027646626645036,3.170406553042976
gbm_vol_0.20,2024-03-07,3.0,2.0,0.07190700825719323,0.0076580780578337695,3.170406553042976
gbm_vol_0.20,2024-03-07,3.0,4.0,0.05035074759908801,0.01341373916259077,3.170406553042976
gbm_vol_0.20,2024-03-07,3.0,8.0,0.035705639672939986,0.03619547435570313,3.170406553042976
gbm_vol_0.20,2024-03-07,3.0,16.0,0.006361659003447796,0.23309155779652732,3.170406553042976
gbm_vol_0.20,2024-03-11,0.03,0.25,0.04743169538058,0.002628410981703015,2.783175695702732
gbm_vol_0.20,2024-03-11,0.03,0.5,0.03950149125875603,0.006000659235863079,2.783175695702732
gbm_vol_0.20,2024-03-11,0.03,1.0,0.03081487063051639,0.010655233656020675,2.783175695702732
gbm_vol_0.20,2024-03-11,0.03,2.0,0.013992072172910354,0.02972141504875514,2.783175695702732
gbm_vol_0.20,2024-03-11,0.03,4.0,0.0,0.06083624285939771,2.783175695702732
gbm_vol_0.20,2024-03-11,0.03,8.0,0.0,0.06083624285939771,2.783175695702732
gbm_vol_0.20,2024-03-11,0.03,16.0,0.0,0.06083624285939771,2.783175695702732
gbm_vol_0.20,2024-03-11,0.3,0.25,0.05461197023675176,0.00153361189365862,2.783175695702732
gbm_vol_0.20,2024-03-11,0.3,0.5,0.04834943330355662,0.002450873200268269,2.783175695702732
gbm_vol_0.20,2024-03-11,0.3,1.0,0.040140220134365856,0.005426531537039618,2.783175695702732
gbm_vol_0.20,2024-03-11,0.3,2.0,0.032042725264337164,0.010221752118527262,2.783175695702732
gbm_vol_0.20,2024-03-11,0.3,4.0,0.016372419098013524,0.02588562025600717,2.783175695702732
gbm_vol_0.20,2024-03-11,0.3,8.0,0.0,0.06083624285939771,2.783175695702732
gbm_vol_0.20,2024-03-11,0.3,16.0,0.0,0.06083624285939771,2.783175695702732
gbm_vol_0.20,2024-03-11,3.0,0.25,0.0593154157080672,0.0010628454598928874,2.783175695702732
gbm_vol_0.20,2024-03-11,3.0,0.5,0.0551226405754166,0.0014634245902438133,2.783175695702732
gbm_vol_0.20,2024-03-11,3.0,1.0,0.04920138572265087,0.002296425899481781,2.783175695702732
gbm_vol_0.20,2024-03-11,3.0,2.0,0.04073470062946072,0.0049253322657337555,2.783175695702732
gbm_vol_0.20,2024-03-11,3.0,4.0,0.03318256453586561,0.00998538031100645,2.783175695702732
gbm_vol_0.20,2024-03-11,3.0,8.0,0.018577925231538214,0.022599969009715285,2.783175695702732
gbm_vol_0.20,2024-03-11,3.0,16.0,0.0,0.06083624285939771,2.783175695702732
gbm_vol_0.20,2024-03-13,0.03,0.25,0.11226260581655975,0.02074082210053734,4.03000497985263
gbm_vol_0.20,2024-03-13,0.03,0.5,0.10843784060982656,0.03459709953262959,4.03000497985263
gbm_vol_0.20,2024-03-13,0.03,1.0,0.10882793597161097,0.07362655751026864,4.03000497985263
gbm_vol_0.20,2024-03-13,0.03,2.0,0.1096075009735969,0.1986242270670149,4.03000497985263
gbm_vol_0.20,2024-03-13,0.03,4.0,0.11109598654698838,0.6326380327906781,4.03000497985263
gbm_vol_0.20,2024-03-13,0.03,8.0,0.1114778896579543,0.8720072189588539,4.03000497985263
gbm_vol_0.20,2024-03-13,0.03,16.0,0.11204946839510789,1.1740549266835354,4.03000497985263
gbm_vol_0.20,2024-03-13,0.3,0.25,0.115887426859693,0.014810958279958746,4.03000497985263
gbm_vol_0.20,2024-03-13,0.3,0.5,0.11268386954746336,0.019881238992806624,4.03000497985263
gbm_vol_0.20,2024-03-13,0.3,1.0,0.1084097897258165,0.032400370764848946,4.03000497985263
gbm_vol_0.20,2024-03-13,0.3,2.0,0.10877205501128367,0.06707036378377007,4.03000497985263
gbm_vol_0.20,2024-03-13,0.3,4.0,0.10949573905294233,0.1768609198143859,4.03000497985263
gbm_vol_0.20,2024-03-13,0.3,8.0,0.11091122779756928,0.5565220781244281,4.03000497985263
gbm_vol_0.20,2024-03-13,0.3,16.0,0.11144374917127307,0.8394758089433524,4.03000497985263
gbm_vol_0.20,2024-03-13,3.0,0.25,0.12144359683197203,0.012381307930116632,4.03000497985263
gbm_vol_0.20,2024-03-13,3.0,0.5,0.11625205050860002,0.01447440056615843,4.03000497985263
gbm_vol_0.20,2024-03-13,3.0,1.0,0.11307493615333698,0.019102815328754217,4.03000497985263
gbm_vol_0.20,2024-03-13,3.0,2.0,0.10838374959181768,0.030433084724609625,4.03000497985263
gbm_vol_0.20,2024-03-13,3.0,4.0,0.10872017972299035,0.061271965596231,4.03000497985263
gbm_vol_0.20,2024-03-13,3.0,8.0,0.10939198847635564,0.15780898675250124,4.03000497985263
gbm_vol_0.20,2024-03-13,3.0,16.0,0.11073030299339451,0.4900423954554231,4.03000497985263
gbm_vol_0.20,2024-03-18,0.03,0.25,0.1118338082806911,0.011962711295476908,2.5766473875922413
gbm_vol_0.20,2024-03-18,0.03,0.5,0.10577670867899652,0.021623407559213773,2.5766473875922413
gbm_vol_0.20,2024-03-18,0.03,1.0,0.10572323664452296,0.04931352737064367,2.5766473875922413
gbm_vol_0.20,2024-03-18,0.03,2.0,0.10551088776553902,0.14961575171097882,2.5766473875922413
gbm_vol_0.20,2024-03-18,0.03,4.0,0.10441632730357234,0.39167608066179194,2.5766473875922413
gbm_vol_0.20,2024-03-18,0.03,8.0,0.10007483547296009,0.6680635609508746,2.5766473875922413
gbm_vol_0.20,2024-03-18,0.03,16.0,0.0905448624262785,0.8867691237651829,2.5766473875922413
gbm_vol_0.20,2024-03-18,0.3,0.25,0.12281369210510287,0.0076167389314471205,2.5766473875922413
gbm_vol_0.20,2024-03-18,0.3,0.5,0.11304687876974065,0.011280989586381669,2.5766473875922413
gbm_vol_0.20,2024-03-18,0.3,1.0,0.10577838170066806,0.020243384528102353,2.5766473875922413
gbm_vol_0.20,2024-03-18,0.3,2.0,0.10573845828640249,0.04466994124154255,2.5766473875922413
gbm_vol_0.20,2024-03-18,0.3,4.0,0.10554133104929808,0.13116526982358528,2.5766473875922413
gbm_vol_0.20,2024-03-18,0.3,8.0,0.10466817591059172,0.3711660885074373,2.5766473875922413
gbm_vol_0.20,2024-03-18,0.3,16.0,0.10077745097815147,0.6351008165423434,2.5766473875922413
gbm_vol_0.20,2024-03-18,3.0,0.25,0.1318574023233061,0.0061663163302506955,2.5766473875922413
gbm_vol_0.20,2024-03-18,3.0,0.5,0.12381574631382058,0.007402847415806648,2.5766473875922413
gbm_vol_0.20,2024-03-18,3.0,1.0,0.11417584064364274,0.010668654760469786,2.5766473875922413
gbm_vol_0.20,2024-03-18,3.0,2.0,0.10577993479640987,0.019049050246165874,2.5766473875922413
gbm_vol_0.20,2024-03-18,3.0,4.0,0.10575192769114505,0.04062638259217504,2.5766473875922413
gbm_vol_0.20,2024-03-18,3.0,8.0,0.105569592090489,0.11525688423193409,2.5766473875922413
gbm_vol_0.20,2024-03-18,3.0,16.0,0.1049019714470121,0.35352774817880284,2.5766473875922413
gbm_vol_0.20,2024-03-19,0.03,0.25,0.10376940225937065,0.0010776656864622779,4.020208289330755
gbm_vol_0.20,2024-03-19,0.03,0.5,0.10376828018012645,0.0034908196470484166,4.020208289330755
gbm_vol_0.20,2024-03-19,0.03,1.0,0.10376611196467606,0.014155823129720675,4.020208289330755
gbm_vol_0.20,2024-03-19,0.03,2.0,0.10376177553377525,0.058844315784046294,4.020208289330755
gbm_vol_0.20,2024-03-19,0.03,4.0,0.10364974772208209,0.2264019253973676,4.020208289330755
gbm_vol_0.20,2024-03-19,0.03,8.0,0.10176722379647737,0.3549716619275545,4.020208289330755
gbm_vol_0.20,2024-03-19,0.03,16.0,0.09674958359828728,0.4778182068003576,4.020208289330755
gbm_vol_0.20,2024-03-19,0.3,0.25,0.11249210190695826,0.0006525587575363495,4.020208289330755
gbm_vol_0.20,2024-03-19,0.3,0.5,0.10376948464872982,0.0009794718982540813,4.020208289330755
gbm_vol_0.20,2024-03-19,0.3,1.0,0.10376843560265217,0.0030253970997481156,4.020208289330755
gbm_vol_0.20,2024-03-19,0.3,2.0,0.10376642280972748,0.012148727055453896,4.020208289330755
gbm_vol_0.20,2024-03-19,0.3,4.0,0.10376239722387809,0.05052511971684653,4.020208289330755
gbm_vol_0.20,2024-03-19,0.3,8.0,0.10370897677522767,0.20502771918288276,4.020208289330755
gbm_vol_0.20,2024-03-19,0.3,16.0,0.10209332967705298,0.3403131312051429,4.020208289330755
gbm_vol_0.20,2024-03-19,3.0,0.25,0.1241297221129431,0.0007002800817478603,4.020208289330755
gbm_vol_0.20,2024-03-19,3.0,0.5,0.11394513212158247,0.0006488191093741329,4.020208289330755
gbm_vol_0.20,2024-03-19,3.0,1.0,0.10436153116937094,0.0008923535341970185,4.020208289330755
gbm_vol_0.20,2024-03-19,3.0,2.0,0.10376857988414412,0.0026291460438395437,4.020208289330755
gbm_vol_0.20,2024-03-19,3.0,4.0,0.1037667113727114,0.010428739965327368,4.020208289330755
gbm_vol_0.20,2024-03-19,3.0,8.0,0.10376297434984597,0.043375205623355124,4.020208289330755
gbm_vol_0.20,2024-03-19,3.0,16.0,0.10373869875693478,0.17769107337516604,4.020208289330755
gbm_vol_0.20,2024-03-22,0.03,0.25,0.16961598055627994,0.011061409363103401,4.754091448823007
gbm_vol_0.20,2024-03-22,0.03,0.5,0.12911408497293875,0.010507375233417066,4.754091448823007
gbm_vol_0.20,2024-03-22,0.03,1.0,0.09663956933036055,0.030701855705621454,4.754091448823007
gbm_vol_0.20,2024-03-22,0.03,2.0,0.06722127266277794,0.1291581987689549,4.754091448823007
gbm_vol_0.20,2024-03-22,0.03,4.0,0.03527928379563858,0.6989141942781905,4.754091448823007
gbm_vol_0.20,2024-03-22,0.03,8.0,0.0,1.1107613968410741,4.754091448823007
gbm_vol_0.20,2024-03-22,0.03,16.0,0.0,1.1107613968410741,4.754091448823007
gbm_vol_0.20,2024-03-22,0.3,0.25,0.21148022887975276,0.013701502261916028,4.754091448823007
gbm_vol_0.20,2024-03-22,0.3,0.5,0.174973403830509,0.011196344158699885,4.754091448823007
gbm_vol_0.20,2024-03-22,0.3,1.0,0.13245816207533678,0.009939531239438902,4.754091448823007
gbm_vol_0.20,2024-03-22,0.3,2.0,0.10059751283708245,0.025957120719971437,4.754091448823007
gbm_vol_0.20,2024-03-22,0.3,4.0,0.06951003716147651,0.10756451440588112,4.754091448823007
gbm_vol_0.20,2024-03-22,0.3,8.0,0.03987176070602902,0.6103579317857527,4.754091448823007
gbm_vol_0.20,2024-03-22,0.3,16.0,0.0,1.1107613968410741,4.754091448823007
gbm_vol_0.20,2024-03-22,3.0,0.25,0.23445361602209522,0.015485527804997094,4.754091448823007
gbm_vol_0.20,2024-03-22,3.0,0.5,0.2142626194635924,0.01398290809435536,4.754091448823007
gbm_vol_0.20,2024-03-22,3.0,1.0,0.1799489790791744,0.011388467537517927,4.754091448823007
gbm_vol_0.20,2024-03-22,3.0,2.0,0.13556252826278292,0.009633876311425848,4.754091448823007
gbm_vol_0.20,2024-03-22,3.0,4.0,0.10427174211405657,0.02235068669378734,4.754091448823007
gbm_vol_0.20,2024-03-22,3.0,8.0,0.07163473790946225,0.09012302592558935,4.754091448823007
gbm_vol_0.20,2024-03-22,3.0,16.0,0.044120751217021734,0.5085632183723016,4.754091448823007
gbm_vol_0.20,2024-03-25,0.03,0.25,0.08643376773117625,0.03077959519249794,3.081202002819161
gbm_vol_0.20,2024-03-25,0.03,0.5,0.06521166738402795,0.03106478106773067,3.081202002819161
gbm_vol_0.20,2024-03-25,0.03,1.0,0.04843704546343558,0.04147910941647346,3.081202002819161
gbm_vol_0.20,2024-03-25,0.03,2.0,0.030760393485253543,0.12145086337029402,3.081202002819161
gbm_vol_0.20,2024-03-25,0.03,4.0,0.0,0.23827073855257083,3.081202002819161
gbm_vol_0.20,2024-03-25,0.03,8.0,0.0,0.23827073855257083,3.081202002819161
gbm_vol_0.20,2024-03-25,0.03,16.0,0.0,0.23827073855257083,3.081202002819161
gbm_vol_0.20,2024-03-25,0.3,0.25,0.10748209050966753,0.02071901721611381,3.081202002819161
gbm_vol_0.20,2024-03-25,0.3,0.5,0.08819328499864074,0.029442698901134,3.081202002819161
gbm_vol_0.20,2024-03-25,0.3,1.0,0.06736429857072644,0.03289208370911119,3.081202002819161
gbm_vol_0.20,2024-03-25,0.3,2.0,0.0497366526758279,0.036970446106400094,3.081202002819161
gbm_vol_0.20,2024-03-25,0.3,4.0,0.033273823208956985,0.10912450446797996,3.081202002819161
gbm_vol_0.20,2024-03-25,0.3,8.0,0.0005444658548710394,0.23386782847654802,3.081202002819161
gbm_vol_0.20,2024-03-25,0.3,16.0,0.0,0.23827073855257083,3.081202002819161
gbm_vol_0.20,2024-03-25,3.0,0.25,0.12284186865279889,0.01667152162082168,3.081202002819161
gbm_vol_0.20,2024-03-25,3.0,0.5,0.10926816307329347,0.02013603799853754,3.081202002819161
gbm_vol_0.20,2024-03-25,3.0,1.0,0.08982722464223097,0.02824573459620844,3.081202002819161
gbm_vol_0.20,2024-03-25,3.0,2.0,0.06938408556617463,0.03357103520563542,3.081202002819161
gbm_vol_0.20,2024-03-25,3.0,4.0,0.050943101140852445,0.03327274409340675,3.081202002819161
gbm_vol_0.20,2024-03-25,3.0,8.0,0.03560723968990613,0.09902476675966314,3.081202002819161
gbm_vol_0.20,2024-03-25,3.0,16.0,0.005278683591062926,0.19611466679467823,3.081202002819161
gbm_vol_0.20,2024-03-28,0.03,0.25,0.0641938739013575,0.00480103000589325,2.9060936332450438
gbm_vol_0.20,2024-03-28,0.03,0.5,0.05101109281494708,0.008319807514263972,2.9060936332450438
gbm_vol_0.20,2024-03-28,0.03,1.0,0.04034956965019823,0.015422590511272715,2.9060936332450438
gbm_vol_0.20,2024-03-28,0.03,2.0,0.024238502652582476,0.04670932402036101,2.9060936332450438
gbm_vol_0.20,2024-03-28,0.03,4.0,0.0,0.18658594454394048,2.9060936332450438
gbm_vol_0.20,2024-03-28,0.03,8.0,0.0,0.18658594454394048,2.9060936332450438
gbm_vol_0.20,2024-03-28,0.03,16.0,0.0,0.18658594454394048,2.9060936332450438
gbm_vol_0.20,2024-03-28,0.3,0.25,0.07394368821434182,0.0028130877682464236,2.9060936332450438
gbm_vol_0.20,2024-03-28,0.3,0.5,0.06514509477837559,0.004482230223389221,2.9060936332450438
gbm_vol_0.20,2024-03-28,0.3,1.0,0.05289676569813726,0.007677866975713601,2.9060936332450438
gbm_vol_0.20,2024-03-28,0.3,2.0,0.04152978256998301,0.014255840022925166,2.9060936332450438
gbm_vol_0.20,2024-03-28,0.3,4.0,0.02652350117348941,0.03916651773388092,2.9060936332450438
gbm_vol_0.20,2024-03-28,0.3,8.0,0.0,0.18658594454394048,2.9060936332450438
gbm_vol_0.20,2024-03-28,0.3,16.0,0.0,0.18658594454394048,2.9060936332450438
gbm_vol_0.20,2024-03-28,3.0,0.25,0.086441377722906,0.002184425102420865,2.9060936332450438
gbm_vol_0.20,2024-03-28,3.0,0.5,0.07526429363260811,0.002714896275753593,2.9060936332450438
gbm_vol_0.20,2024-03-28,3.0,1.0,0.06602813001858887,0.004206463525077316,2.9060936332450438
gbm_vol_0.20,2024-03-28,3.0,2.0,0.05465035278161312,0.0070347797265905955,2.9060936332450438
gbm_vol_0.20,2024-03-28,3.0,4.0,0.042622766507093145,0.01257763086691001,2.9060936332450438
gbm_vol_0.20,2024-03-28,3.0,8.0,0.028648065542814356,0.033253448495047064,2.9060936332450438
gbm_vol_0.20,2024-03-28,3.0,16.0,0.001343224049353205,0.17832061519474182,2.9060936332450438
gbm_vol_0.20,2024-04-01,0.03,0.25,0.12328953139684899,0.004535466335445091,4.639415891307043
gbm_vol_0.20,2024-04-01,0.03,0.5,0.11001634122502885,0.007291717314244,4.639415891307043
gbm_vol_0.20,2024-04-01,0.03,1.0,0.11028412593637028,0.02233988558000185,4.639415891307043
gbm_vol_0.20,2024-04-01,0.03,2.0,0.11081969535905314,0.09246172868516721,4.639415891307043
gbm_vol_0.20,2024-04-01,0.03,4.0,0.11185214081009995,0.389887152906598,4.639415891307043
gbm_vol_0.20,2024-04-01,0.03,8.0,0.11248459809993676,0.6855945699714975,4.639415891307043
gbm_vol_0.20,2024-04-01,0.03,16.0,0.11294579042250967,0.7009880482963958,4.639415891307043
gbm_vol_0.20,2024-04-01,0.3,0.25,0.14270083844990622,0.0034669354699278813,4.639415891307043
gbm_vol_0.20,2024-04-01,0.3,0.5,0.1258957669302086,0.0045382435853730425,4.639415891307043
gbm_vol_0.20,2024-04-01,0.3,1.0,0.10999714581888234,0.006725494750132705,4.639415891307043
gbm_vol_0.20,2024-04-01,0.3,2.0,0.11024573512407726,0.019363250240346117,4.639415891307043
gbm_vol_0.20,2024-04-01,0.3,4.0,0.11074291373446711,0.07913169716011895,4.639415891307043
gbm_vol_0.20,2024-04-01,0.3,8.0,0.11173120082127619,0.3361967737677338,4.639415891307043
gbm_vol_0.20,2024-04-01,0.3,16.0,0.11241655837838405,0.6839506081522292,4.639415891307043
gbm_vol_0.20,2024-04-01,3.0,0.25,0.15170411401998316,0.0026733911676768037,4.639415891307043
gbm_vol_0.20,2024-04-01,3.0,0.5,0.14390286116255996,0.0033581728799804253,4.639415891307043
gbm_vol_0.20,2024-04-01,3.0,1.0,0.12831463710789542,0.004553384914439864,4.639415891307043
gbm_vol_0.20,2024-04-01,3.0,2.0,0.11046593051801074,0.006205717494311,4.639415891307043
gbm_vol_0.20,2024-04-01,3.0,4.0,0.11021009625094674,0.016845425953244297,4.639415891307043
gbm_vol_0.20,2024-04-01,3.0,8.0,0.11067163598820606,0.0677389487994675,4.639415891307043
gbm_vol_0.20,2024-04-01,3.0,16.0,0.11159471546272473,0.28842643888995523,4.639415891307043
gbm_vol_0.25,2024-03-04,0.03,0.25,0.11378137606488578,0.008630827627650335,5.187673757432935
gbm_vol_0.25,2024-03-04,0.03,0.5,0.09928242262506169,0.013791901441979676,5.187673757432935
gbm_vol_0.25,2024-03-04,0.03,1.0,0.08501854468373903,0.020169371047366855,5.187673757432935
gbm_vol_0.25,2024-03-04,0.03,2.0,0.08529111502744494,0.06288251102460075,5.187673757432935
gbm_vol_0.25,2024-03-04,0.03,4.0,0.08583625571485676,0.2927477340351668,5.187673757432935
gbm_vol_0.25,2024-03-04,0.03,8.0,0.0860629106644724,0.6627184342286431,5.187673757432935
gbm_vol_0.25,2024-03-04,0.03,16.0,0.08613505733564403,0.6637766197798466,5.187673757432935
gbm_vol_0.25,2024-03-04,0.3,0.25,0.13066817811727396,0.005441015772509684,5.187673757432935
gbm_vol_0.25,2024-03-04,0.3,0.5,0.11533707631340234,0.008097185566234009,5.187673757432935
gbm_vol_0.25,2024-03-04,0.3,1.0,0.10137554484047713,0.014219021685068918,5.187673757432935
gbm_vol_0.25,2024-03-04,0.3,2.0,0.0865085082408788,0.020838857756625775,5.187673757432935
gbm_vol_0.25,2024-03-04,0.3,4.0,0.08525203812552085,0.05380251367306894,5.187673757432935
gbm_vol_0.25,2024-03-04,0.3,8.0,0.0857581019110086,0.24796742566349134,5.187673757432935
gbm_vol_0.25,2024-03-04,0.3,16.0,0.08605393598013034,0.6616082449922168,5.187673757432935
gbm_vol_0.25,2024-03-04,3.0,0.25,0.14128788751674126,0.004484869597998057,5.187673757432935
gbm_vol_0.25,2024-03-04,3.0,0.5,0.1318585788059003,0.005298957913132108,5.187673757432935
gbm_vol_0.25,2024-03-04,3.0,1.0,0.11677936817899447,0.007626941485779289,5.187673757432935
gbm_vol_0.25,2024-03-04,3.0,2.0,0.10330884136169244,0.014198248226297545,5.187673757432935
gbm_vol_0.25,2024-03-04,3.0,4.0,0.0881485050107743,0.02025145633648272,5.187673757432935
gbm_vol_0.25,2024-03-04,3.0,8.0,0.08521576234319625,0.046259100431560826,5.187673757432935
gbm_vol_0.25,2024-03-04,3.0,16.0,0.0856855503463594,0.20993990828959852,5.187673757432935
gbm_vol_0.25,2024-03-07,0.03,0.25,0.11751304302617321,0.005671125597855594,4.263376581941515
gbm_vol_0.25,2024-03-07,0.03,0.5,0.07693630537102948,0.006954038497116557,4.263376581941515
gbm_vol_0.25,2024-03-07,0.03,1.0,0.04120974185767819,0.01650508584188505,4.263376581941515
gbm_vol_0.25,2024-03-07,0.03,2.0,0.026278389866816087,0.035422206379641115,4.263376581941515
gbm_vol_0.25,2024-03-07,0.03,4.0,0.0,0.2166130885985393,4.263376581941515
gbm_vol_0.25,2024-03-07,0.03,8.0,0.0,0.2166130885985393,4.263376581941515
gbm_vol_0.25,2024-03-07,0.03,16.0,0.0,0.2166130885985393,4.263376581941515
gbm_vol_0.25,2024-03-07,0.3,0.25,0.14575320247032972,0.007199739603369213,4.263376581941515
gbm_vol_0.25,2024-03-07,0.3,0.5,0.12061716703704714,0.005770888764690623,4.263376581941515
gbm_vol_0.25,2024-03-07,0.3,1.0,0.08151660247884884,0.006662824532365994,4.263376581941515
gbm_vol_0.25,2024-03-07,0.3,2.0,0.04220095075524823,0.014498740364782194,4.263376581941515
gbm_vol_0.25,2024-03-07,0.3,4.0,0.02845386277816897,0.029911998130294562,4.263376581941515
gbm_vol_0.25,2024-03-07,0.3,8.0,0.0002535825002594846,0.21393879754128103,4.263376581941515
gbm_vol_0.25,2024-03-07,0.3,16.0,0.0,0.2166130885985393,4.263376581941515
gbm_vol_0.25,2024-03-07,3.0,0.25,0.1601341264728477,0.008268544026690852,4.263376581941515
gbm_vol_0.25,2024-03-07,3.0,0.5,0.14767579893717814,0.007321622772304207,4.263376581941515
gbm_vol_0.25,2024-03-07,3.0,1.0,0.12394523012571512,0.00590455585422034,4.263376581941515
gbm_vol_0.25,2024-03-07,3.0,2.0,0.08618494189935896,0.006413802183576711,4.263376581941515
gbm_vol_0.25,2024-03-07,3.0,4.0,0.04321347904338926,0.013017489221603696,4.263376581941515
gbm_vol_0.25,2024-03-07,3.0,8.0,0.03047339293280149,0.02612101182829985,4.263376581941515
gbm_vol_0.25,2024-03-07,3.0,16.0,0.004317360683205469,0.17373526507248585,4.263376581941515
gbm_vol_0.25,2024-03-11,0.03,0.25,0.08258938346047272,0.008958195484021249,4.371668440691516
gbm_vol_0.25,2024-03-11,0.03,0.5,0.06331752941864177,0.016574295181680524,4.371668440691516
gbm_vol_0.25,2024-03-11,0.03,1.0,0.050693802598451146,0.035612725276616956,4.371668440691516
gbm_vol_0.25,2024-03-11,0.03,2.0,0.035066930240518074,0.06654654538196375,4.371668440691516
gbm_vol_0.25,2024-03-11,0.03,4.0,0.004014712789574365,0.16987911617400073,4.371668440691516
gbm_vol_0.25,2024-03-11,0.03,8.0,0.0,0.2027720936065972,4.371668440691516
gbm_vol_0.25,2024-03-11,0.03,16.0,0.0,0.2027720936065972,4.371668440691516
gbm_vol_0.25,2024-03-11,0.3,0.25,0.09767939960260552,0.0057810930708069915,4.371668440691516
gbm_vol_0.25,2024-03-11,0.3,0.5,0.08409947968664767,0.008463697877185015,4.371668440691516
gbm_vol_0.25,2024-03-11,0.3,1.0,0.06516884607948928,0.015430900552547639,4.371668440691516
gbm_vol_0.25,2024-03-11,0.3,2.0,0.05183501776295614,0.032467060139916314,4.371668440691516
gbm_vol_0.25,2024-03-11,0.3,4.0,0.037283119032741084,0.061833889268667425,4.371668440691516
gbm_vol_0.25,2024-03-11,0.3,8.0,0.008461328891224888,0.14006432567552318,4.371668440691516
gbm_vol_0.25,2024-03-11,0.3,16.0,0.0,0.2027720936065972,4.371668440691516
gbm_vol_0.25,2024-03-11,3.0,0.25,0.1089680965345304,0.0046470148550787045,4.371668440691516
gbm_vol_0.25,2024-03-11,3.0,0.5,0.09879863149596749,0.005619877009930505,4.371668440691516
gbm_vol_0.25,2024-03-11,3.0,1.0,0.08551690710055343,0.008033599209818176,4.371668440691516
gbm_vol_0.25,2024-03-11,3.0,2.0,0.06734976363412934,0.014356081578445973,4.371668440691516
gbm_vol_0.25,2024-03-11,3.0,4.0,0.052894428075819344,0.029927938319221192,4.371668440691516
gbm_vol_0.25,2024-03-11,3.0,8.0,0.039340446462973105,0.05888845179749587,4.371668440691516
gbm_vol_0.25,2024-03-11,3.0,16.0,0.012589201620181676,0.11900063574166397,4.371668440691516
gbm_vol_0.25,2024-03-13,0.03,0.25,0.09235933944250925,0.007567195195964824,6.021504659544173
gbm_vol_0.25,2024-03-13,0.03,0.5,0.0784659848297556,0.016105054041621093,6.021504659544173
gbm_vol_0.25,2024-03-13,0.03,1.0,0.06743395898573618,0.037734297330875737,6.021504659544173
gbm_vol_0.25,2024-03-13,0.03,2.0,0.05441031903877315,0.09917895747561717,6.021504659544173
gbm_vol_0.25,2024-03-13,0.03,4.0,0.02928854001287167,0.2514666405209176,6.021504659544173
gbm_vol_0.25,2024-03-13,0.03,8.0,0.0,0.5520624295130157,6.021504659544173
gbm_vol_0.25,2024-03-13,0.03,16.0,0.0,0.5520624295130157,6.021504659544173
gbm_vol_0.25,2024-03-13,0.3,0.25,0.10509774558030563,0.005409596887572557,6.021504659544173
gbm_vol_0.25,2024-03-13,0.3,0.5,0.09383553592837562,0.007168826262441244,6.021504659544173
gbm_vol_0.25,2024-03-13,0.3,1.0,0.08020345293801062,0.014678258585337391,6.021504659544173
gbm_vol_0.25,2024-03-13,0.3,2.0,0.06839360727834971,0.034555429254122666,6.021504659544173
gbm_vol_0.25,2024-03-13,0.3,4.0,0.056238841106912116,0.08850382874535663,6.021504659544173
gbm_vol_0.25,2024-03-13,0.3,8.0,0.032909515263918394,0.22283875574277365,6.021504659544173
gbm_vol_0.25,2024-03-13,0.3,16.0,0.0,0.5520624295130157,6.021504659544173
gbm_vol_0.25,2024-03-13,3.0,0.25,0.11704616408462365,0.004689560482380072,6.021504659544173
gbm_vol_0.25,2024-03-13,3.0,0.5,0.10657450692322615,0.005313821099832985,6.021504659544173
gbm_vol_0.25,2024-03-13,3.0,1.0,0.09520591535337883,0.006829597851917113,6.021504659544173
gbm_vol_0.25,2024-03-13,3.0,2.0,0.08181815398359243,0.01344068973911025,6.021504659544173
gbm_vol_0.25,2024-03-13,3.0,4.0,0.06928446583818783,0.031978925691944014,6.021504659544173
gbm_vol_0.25,2024-03-13,3.0,8.0,0.05795043123747991,0.07944154303741381,6.021504659544173
gbm_vol_0.25,2024-03-13,3.0,16.0,0.036270930922327735,0.2013790723667692,6.021504659544173
gbm_vol_0.25,2024-03-18,0.03,0.25,0.06904962057682609,0.008184629666834399,3.65367089749883
gbm_vol_0.25,2024-03-18,0.03,0.5,0.060576405595677126,0.0164744994334082,3.65367089749883
gbm_vol_0.25,2024-03-18,0.03,1.0,0.05060744890167611,0.033012655300019754,3.65367089749883
gbm_vol_0.25,2024-03-18,0.03,2.0,0.03136065760702374,0.06703552870061466,3.65367089749883
gbm_vol_0.25,2024-03-18,0.03,4.0,0.0,0.2541092545529287,3.65367089749883
gbm_vol_0.25,2024-03-18,0.03,8.0,0.0,0.2541092545529287,3.65367089749883
gbm_vol_0.25,2024-03-18,0.03,16.0,0.0,0.2541092545529287,3.65367089749883
gbm_vol_0.25,2024-03-18,0.3,0.25,0.07911262135498034,0.005007093464417033,3.65367089749883
gbm_vol_0.25,2024-03-18,0.3,0.5,0.07009966795236135,0.007697471329964601,3.65367089749883
gbm_vol_0.25,2024-03-18,0.3,1.0,0.06131100959826116,0.015113342671555561,3.65367089749883
gbm_vol_0.25,2024-03-18,0.3,2.0,0.051994335231943675,0.03340512702497632,3.65367089749883
gbm_vol_0.25,2024-03-18,0.3,4.0,0.034081049701648276,0.05904684009519257,3.65367089749883
gbm_vol_0.25,2024-03-18,0.3,8.0,0.0,0.2541092545529287,3.65367089749883
gbm_vol_0.25,2024-03-18,0.3,16.0,0.0,0.2541092545529287,3.65367089749883
gbm_vol_0.25,2024-03-18,3.0,0.25,0.09071173253040155,0.003937961995813081,3.65367089749883
gbm_vol_0.25,2024-03-18,3.0,0.5,0.0806173090842589,0.004843554101988633,3.65367089749883
gbm_vol_0.25,2024-03-18,3.0,1.0,0.0710716683141224,0.0072582480376334165,3.65367089749883
gbm_vol_0.25,2024-03-18,3.0,2.0,0.06199295554536543,0.013944217439455937,3.65367089749883
gbm_vol_0.25,2024-03-18,3.0,4.0,0.05332530452645119,0.029870995619064467,3.65367089749883
gbm_vol_0.25,2024-03-18,3.0,8.0,0.03663034367353798,0.051343442157336994,3.65367089749883
gbm_vol_0.25,2024-03-18,3.0,16.0,0.0044892005132656735,0.21540778451411124,3.65367089749883
gbm_vol_0.25,2024-03-19,0.03,0.25,0.08476301729240704,0.005265121590324449,3.5900298302257827
gbm_vol_0.25,2024-03-19,0.03,0.5,0.058714988280829994,0.00801907242830911,3.5900298302257827
gbm_vol_0.25,2024-03-19,0.03,1.0,0.03469666212895761,0.017616213484789717,3.5900298302257827
gbm_vol_0.25,2024-03-19,0.03,2.0,0.016648401872114298,0.08994667369255793,3.5900298302257827
gbm_vol_0.25,2024-03-19,0.03,4.0,0.0,0.2463773907521517,3.5900298302257827
gbm_vol_0.25,2024-03-19,0.03,8.0,0.0,0.2463773907521517,3.5900298302257827
gbm_vol_0.25,2024-03-19,0.03,16.0,0.0,0.2463773907521517,3.5900298302257827
gbm_vol_0.25,2024-03-19,0.3,0.25,0.10443432325925989,0.0048073425233354635,3.5900298302257827
gbm_vol_0.25,2024-03-19,0.3,0.5,0.0871531651822108,0.00524977336292275,3.5900298302257827
gbm_vol_0.25,2024-03-19,0.3,1.0,0.06220216725310534,0.007492703670870188,3.5900298302257827
gbm_vol_0.25,2024-03-19,0.3,2.0,0.03601225113008711,0.01563959856107072,3.5900298302257827
gbm_vol_0.25,2024-03-19,0.3,4.0,0.019215205096369734,0.0739122698685602,3.5900298302257827
gbm_vol_0.25,2024-03-19,0.3,8.0,0.0,0.2463773907521517,3.5900298302257827
gbm_vol_0.25,2024-03-19,0.3,16.0,0.0,0.2463773907521517,3.5900298302257827
gbm_vol_0.25,2024-03-19,3.0,0.25,0.11951862134649759,0.004840009578212401,3.5900298302257827
gbm_vol_0.25,2024-03-19,3.0,0.5,0.10614370289030775,0.004802273299062612,3.5900298302257827
gbm_vol_0.25,2024-03-19,3.0,1.0,0.08937198193341006,0.005271367261118426,3.5900298302257827
gbm_vol_0.25,2024-03-19,3.0,2.0,0.06544277960180382,0.007057037990877268,3.5900298302257827
gbm_vol_0.25,2024-03-19,3.0,4.0,0.037357477830112916,0.01428629657675254,3.5900298302257827
gbm_vol_0.25,2024-03-19,3.0,8.0,0.021598014133126807,0.0609733571180177,3.5900298302257827
gbm_vol_0.25,2024-03-19,3.0,16.0,0.0,0.2463773907521517,3.5900298302257827
gbm_vol_0.25,2024-03-22,0.03,0.25,0.14176983591535994,0.009682204343240462,3.5140125105774813
gbm_vol_0.25,2024-03-22,0.03,0.5,0.12733449843709466,0.016956640474414756,3.5140125105774813
gbm_vol_0.25,2024-03-22,0.03,1.0,0.11149905386516679,0.03991511602931153,3.5140125105774813
gbm_vol_0.25,2024-03-22,0.03,2.0,0.11219674874738225,0.14896941420019147,3.5140125105774813
gbm_vol_0.25,2024-03-22,0.03,4.0,0.11334708615997671,0.6394307937878674,3.5140125105774813
gbm_vol_0.25,2024-03-22,0.03,8.0,0.1132910435874669,1.525078744365692,3.5140125105774813
gbm_vol_0.25,2024-03-22,0.03,16.0,0.11191044004771787,1.7694677166394726,3.5140125105774813
gbm_vol_0.25,2024-03-22,0.3,0.25,0.159438189082732,0.009711646367142415,3.5140125105774813
gbm_vol_0.25,2024-03-22,0.3,0.5,0.1429646076545367,0.009429808717826142,3.5140125105774813
gbm_vol_0.25,2024-03-22,0.3,1.0,0.12850917558321645,0.015588986371512948,3.5140125105774813
gbm_vol_0.25,2024-03-22,0.3,2.0,0.1132958868825373,0.03570798254798422,3.5140125105774813
gbm_vol_0.25,2024-03-22,0.3,4.0,0.11209672409277538,0.1272335536986282,3.5140125105774813
gbm_vol_0.25,2024-03-22,0.3,8.0,0.11324428085895795,0.5557010080078822,3.5140125105774813
gbm_vol_0.25,2024-03-22,0.3,16.0,0.11335277944741438,1.4852978191461703,3.5140125105774813
gbm_vol_0.25,2024-03-22,3.0,0.25,0.17405050109237236,0.010002256940286872,3.5140125105774813
gbm_vol_0.25,2024-03-22,3.0,0.5,0.16106363813704222,0.009859247310816317,3.5140125105774813
gbm_vol_0.25,2024-03-22,3.0,1.0,0.14407373548719252,0.009236797980156744,3.5140125105774813
gbm_vol_0.25,2024-03-22,3.0,2.0,0.12972978288738002,0.01445486058646645,3.5140125105774813
gbm_vol_0.25,2024-03-22,3.0,4.0,0.11548263673734589,0.032357762567728814,3.5140125105774813
gbm_vol_0.25,2024-03-22,3.0,8.0,0.1120038694287935,0.1088836436120252,3.5140125105774813
gbm_vol_0.25,2024-03-22,3.0,16.0,0.11313401470080842,0.4776880756713698,3.5140125105774813
gbm_vol_0.25,2024-03-25,0.03,0.25,0.12572360922535986,0.024693044643761916,4.462027583695551
gbm_vol_0.25,2024-03-25,0.03,0.5,0.08159364499873478,0.016324314178598132,4.462027583695551
gbm_vol_0.25,2024-03-25,0.03,1.0,0.05608195501899331,0.0261868653687317,4.462027583695551
gbm_vol_0.25,2024-03-25,0.03,2.0,0.03759651115424607,0.08099332334706683,4.462027583695551
gbm_vol_0.25,2024-03-25,0.03,4.0,0.00034606524311553216,0.4653778236597075,4.462027583695551
gbm_vol_0.25,2024-03-25,0.03,8.0,0.0,0.4707240152219969,4.462027583695551
gbm_vol_0.25,2024-03-25,0.03,16.0,0.0,0.4707240152219969,4.462027583695551
gbm_vol_0.25,2024-03-25,0.3,0.25,0.16791115869373888,0.032486533029377256,4.462027583695551
gbm_vol_0.25,2024-03-25,0.3,0.5,0.13094064777671086,0.025707858432613653,4.462027583695551
gbm_vol_0.25,2024-03-25,0.3,1.0,0.08666429556984075,0.01698288522103135,4.462027583695551
gbm_vol_0.25,2024-03-25,0.3,2.0,0.05740725041764309,0.023287453995999144,4.462027583695551
gbm_vol_0.25,2024-03-25,0.3,4.0,0.04025054122458323,0.0711873106325344,4.462027583695551
gbm_vol_0.25,2024-03-25,0.3,8.0,0.005739009895348859,0.3847865635550931,4.462027583695551
gbm_vol_0.25,2024-03-25,0.3,16.0,0.0,0.4707240152219969,4.462027583695551
gbm_vol_0.25,2024-03-25,3.0,0.25,0.19726210240803202,0.03689625837195697,4.462027583695551
gbm_vol_0.25,2024-03-25,3.0,0.5,0.17136770912775162,0.03303238933286275,4.462027583695551
gbm_vol_0.25,2024-03-25,3.0,1.0,0.13580726775558358,0.026732519866532432,4.462027583695551
gbm_vol_0.25,2024-03-25,3.0,2.0,0.09137666394852878,0.01764568447111113,4.462027583695551
gbm_vol_0.25,2024-03-25,3.0,4.0,0.05863754568236533,0.02129374795876654,4.462027583695551
gbm_vol_0.25,2024-03-25,3.0,8.0,0.042714324492293135,0.06428491719481833,4.462027583695551
gbm_vol_0.25,2024-03-25,3.0,16.0,0.010740041728114416,0.31675853234960427,4.462027583695551
gbm_vol_0.25,2024-03-28,0.03,0.25,0.10139319792301289,0.004090080243309062,2.7430250806104324
gbm_vol_0.25,2024-03-28,0.03,0.5,0.09011841211996069,0.007338504394089157,2.7430250806104324
gbm_vol_0.25,2024-03-28,0.03,1.0,0.08359763727916146,0.022254552454835215,2.7430250806104324
gbm_vol_0.25,2024-03-28,0.03,2.0,0.08101087029726389,0.11225066123798917,2.7430250806104324
gbm_vol_0.25,2024-03-28,0.03,4.0,0.07527958725221276,0.3380624509005736,2.7430250806104324
gbm_vol_0.25,2024-03-28,0.03,8.0,0.06244689178289729,0.4643756663023973,2.7430250806104324
gbm_vol_0.25,2024-03-28,0.03,16.0,0.0370775915870732,0.46774128913911317,2.7430250806104324
gbm_vol_0.25,2024-03-28,0.3,0.25,0.12888869892468982,0.005444246270821529,2.7430250806104324
gbm_vol_0.25,2024-03-28,0.3,0.5,0.1041889584562245,0.004248643137890008,2.7430250806104324
gbm_vol_0.25,2024-03-28,0.3,1.0,0.09126153433434234,0.0065036274583104604,2.7430250806104324
gbm_vol_0.25,2024-03-28,0.3,2.0,0.08378175135026675,0.018644643072588715,2.7430250806104324
gbm_vol_0.25,2024-03-28,0.3,4.0,0.08138518033781314,0.09531435195491539,2.7430250806104324
gbm_vol_0.25,2024-03-28,0.3,8.0,0.07620311294097433,0.3265678527291066,2.7430250806104324
gbm_vol_0.25,2024-03-28,0.3,16.0,0.06426541987761988,0.46425561884297434,2.7430250806104324
gbm_vol_0.25,2024-03-28,3.0,0.25,0.14519695699430296,0.005769242162723226,2.7430250806104324
gbm_vol_0.25,2024-03-28,3.0,0.5,0.13066727179835622,0.005462971321686745,2.7430250806104324
gbm_vol_0.25,2024-03-28,3.0,1.0,0.10758110918093647,0.00441117534043653,2.7430250806104324
gbm_vol_0.25,2024-03-28,3.0,2.0,0.09232271499548805,0.005836766777573486,2.7430250806104324
gbm_vol_0.25,2024-03-28,3.0,4.0,0.0839526677135774,0.015681977674344767,2.7430250806104324
gbm_vol_0.25,2024-03-28,3.0,8.0,0.08173238264071395,0.08082578852482077,2.7430250806104324
gbm_vol_0.25,2024-03-28,3.0,16.0,0.07704630552661848,0.3154273723032132,2.7430250806104324
gbm_vol_0.25,2024-04-01,0.03,0.25,0.10511316089212847,0.0030680572705846943,4.606232500161628
gbm_vol_0.25,2024-04-01,0.03,0.5,0.10405204220957875,0.007071483011700117,4.606232500161628
gbm_vol_0.25,2024-04-01,0.03,1.0,0.10452119161533484,0.021184511674692985,4.606232500161628
gbm_vol_0.25,2024-04-01,0.03,2.0,0.10545910783257341,0.07428180893590791,4.606232500161628
gbm_vol_0.25,2024-04-01,0.03,4.0,0.10731146105785491,0.27840416221450365,4.606232500161628
gbm_vol_0.25,2024-04-01,0.03,8.0,0.10934252958309874,0.6281639086735142,4.606232500161628
gbm_vol_0.25,2024-04-01,0.03,16.0,0.11071981352357138,0.76172455266639,4.606232500161628
gbm_vol_0.25,2024-04-01,0.3,0.25,0.10908616150409964,0.0016868800478664868,4.606232500161628
gbm_vol_0.25,2024-04-01,0.3,0.5,0.1056295415907767,0.002844413170311512,4.606232500161628
gbm_vol_0.25,2024-04-01,0.3,1.0,0.10401841253243338,0.00637818629045107,4.606232500161628
gbm_vol_0.25,2024-04-01,0.3,2.0,0.10445393226104409,0.018652256121637276,4.606232500161628
gbm_vol_0.25,2024-04-01,0.3,4.0,0.10532467685432326,0.06463313468097687,4.606232500161628
gbm_vol_0.25,2024-04-01,0.3,8.0,0.10706464838629026,0.24219435624949615,4.606232500161628
gbm_vol_0.25,2024-04-01,0.3,16.0,0.10916489733940785,0.5933346961524719,4.606232500161628
gbm_vol_0.25,2024-04-01,3.0,0.25,0.1110831346629621,0.0012787029777594063,4.606232500161628
gbm_vol_0.25,2024-04-01,3.0,0.5,0.10935290326733517,0.0016232713470210808,4.606232500161628
gbm_vol_0.25,2024-04-01,3.0,1.0,0.10610890696772447,0.002647604635756622,4.606232500161628
gbm_vol_0.25,2024-04-01,3.0,2.0,0.10398719350565017,0.005772705033643189,4.606232500161628
gbm_vol_0.25,2024-04-01,3.0,4.0,0.10439149420747768,0.016453991930404387,4.606232500161628
gbm_vol_0.25,2024-04-01,3.0,8.0,0.10519988218881575,0.056286134428460394,4.606232500161628
gbm_vol_0.25,2024-04-01,3.0,16.0,0.10681603028976047,0.20983455029460146,4.606232500161628
gbm_vol_0.30,2024-03-04,0.03,0.25,0.10165037952265848,0.01380271957261885,4.374588997144023
gbm_vol_0.30,2024-03-04,0.03,0.5,0.08732434138919984,0.023361401018559016,4.374588997144023
gbm_vol_0.30,2024-03-04,0.03,1.0,0.0794433926458805,0.06461055267630098,4.374588997144023
gbm_vol_0.30,2024-03-04,0.03,2.0,0.06708582714402751,0.19348490802478302,4.374588997144023
gbm_vol_0.30,2024-03-04,0.03,4.0,0.04363487192019099,0.5392782840390162,4.374588997144023
gbm_vol_0.30,2024-03-04,0.03,8.0,0.0,1.3193353425138203,4.374588997144023
gbm_vol_0.30,2024-03-04,0.03,16.0,0.0,1.3193353425138203,4.374588997144023
gbm_vol_0.30,2024-03-04,0.3,0.25,0.11815371178888348,0.011563643919031101,4.374588997144023
gbm_vol_0.30,2024-03-04,0.3,0.5,0.10328064570173032,0.013444559957429726,4.374588997144023
gbm_vol_0.30,2024-03-04,0.3,1.0,0.08902346594819947,0.021448010339558045,4.374588997144023
gbm_vol_0.30,2024-03-04,0.3,2.0,0.08036047007983761,0.057740742823765824,4.374588997144023
gbm_vol_0.30,2024-03-04,0.3,4.0,0.06878525475990625,0.17583552864150492,4.374588997144023
gbm_vol_0.30,2024-03-04,0.3,8.0,0.04700836553914689,0.49618237377554714,4.374588997144023
gbm_vol_0.30,2024-03-04,0.3,16.0,0.0029427836871954815,1.251062897750115,4.374588997144023
gbm_vol_0.30,2024-03-04,3.0,0.25,0.12956287114515605,0.011155804977320969,4.374588997144023
gbm_vol_0.30,2024-03-04,3.0,0.5,0.11949222721861215,0.011506451907233732,4.374588997144023
gbm_vol_0.30,2024-03-04,3.0,1.0,0.10479597516059791,0.013151266755747536,4.374588997144023
gbm_vol_0.30,2024-03-04,3.0,2.0,0.0906007934641935,0.019856726689149097,4.374588997144023
gbm_vol_0.30,2024-03-04,3.0,4.0,0.08122481301967835,0.051529796697598385,4.374588997144023
gbm_vol_0.30,2024-03-04,3.0,8.0,0.07039156498217858,0.1582264147342009,4.374588997144023
gbm_vol_0.30,2024-03-04,3.0,16.0,0.050127490787642115,0.4418248316200145,4.374588997144023
gbm_vol_0.30,2024-03-07,0.03,0.25,0.06712951960862837,0.0031561696419283793,6.829017184456961
gbm_vol_0.30,2024-03-07,0.03,0.5,0.05718503363944477,0.006539496791179379,6.829017184456961
gbm_vol_0.30,2024-03-07,0.03,1.0,0.04953405804365142,0.01970641257307613,6.829017184456961
gbm_vol_0.30,2024-03-07,0.03,2.0,0.03486330573747752,0.06282342295151716,6.829017184456961
gbm_vol_0.30,2024-03-07,0.03,4.0,0.006766317208143375,0.08094432753605159,6.829017184456961
gbm_vol_0.30,2024-03-07,0.03,8.0,0.0,0.11934025687277507,6.829017184456961
gbm_vol_0.30,2024-03-07,0.03,16.0,0.0,0.11934025687277507,6.829017184456961
gbm_vol_0.30,2024-03-07,0.3,0.25,0.07745410128541805,0.0022654605969497153,6.829017184456961
gbm_vol_0.30,2024-03-07,0.3,0.5,0.06809945379742607,0.002991139693084367,6.829017184456961
gbm_vol_0.30,2024-03-07,0.3,1.0,0.05774434935867747,0.005840445246463579,6.829017184456961
gbm_vol_0.30,2024-03-07,0.3,2.0,0.050610867220400486,0.01748854337409667,6.829017184456961
gbm_vol_0.30,2024-03-07,0.3,4.0,0.03692638258563896,0.05496928843270971,6.829017184456961
gbm_vol_0.30,2024-03-07,0.3,8.0,0.01073989550894362,0.06880072652902208,6.829017184456961
gbm_vol_0.30,2024-03-07,0.3,16.0,0.0,0.11934025687277507,6.829017184456961
gbm_vol_0.30,2024-03-07,3.0,0.25,0.08492732970325176,0.002190663803106998,6.829017184456961
gbm_vol_0.30,2024-03-07,3.0,0.5,0.07845293756468437,0.002258525680690424,6.829017184456961
gbm_vol_0.30,2024-03-07,3.0,1.0,0.06899700865921968,0.002844502537220049,6.829017184456961
gbm_vol_0.30,2024-03-07,3.0,2.0,0.05826357207804842,0.0052506019915501,6.829017184456961
gbm_vol_0.30,2024-03-07,3.0,4.0,0.05162096586290309,0.015424489924381335,6.829017184456961
gbm_vol_0.30,2024-03-07,3.0,8.0,0.03884739983429313,0.048525505158440535,6.829017184456961
gbm_vol_0.30,2024-03-07,3.0,16.0,0.014462712384171713,0.06365799655641934,6.829017184456961
gbm_vol_0.30,2024-03-11,0.03,0.25,0.11656092729225455,0.013282333908646325,5.2015653355719484
gbm_vol_0.30,2024-03-11,0.03,0.5,0.09220970733768505,0.020079160981624943,5.2015653355719484
gbm_vol_0.30,2024-03-11,0.03,1.0,0.06690948942908513,0.03485178547449514,5.2015653355719484
gbm_vol_0.30,2024-03-11,0.03,2.0,0.04080096118413052,0.05751460860929855,5.2015653355719484
gbm_vol_0.30,2024-03-11,0.03,4.0,0.01700513978233375,0.2477136948781148,5.2015653355719484
gbm_vol_0.30,2024-03-11,0.03,8.0,0.0,0.520893442753088,5.2015653355719484
gbm_vol_0.30,2024-03-11,0.03,16.0,0.0,0.520893442753088,5.2015653355719484
gbm_vol_0.30,2024-03-11,0.3,0.25,0.15616522561570084,0.013339692567942268,5.2015653355719484
gbm_vol_0.30,2024-03-11,0.3,0.5,0.11917615273505731,0.01313833032089332,5.2015653355719484
gbm_vol_0.30,2024-03-11,0.3,1.0,0.09567595457365423,0.01963157209669644,5.2015653355719484
gbm_vol_0.30,2024-03-11,0.3,2.0,0.06993723242092595,0.03251275359083489,5.2015653355719484
gbm_vol_0.30,2024-03-11,0.3,4.0,0.04236283086570311,0.05271977116977417,5.2015653355719484
gbm_vol_0.30,2024-03-11,0.3,8.0,0.02041882874932257,0.20133666900405256,5.2015653355719484
gbm_vol_0.30,2024-03-11,0.3,16.0,0.0,0.520893442753088,5.2015653355719484
gbm_vol_0.30,2024-03-11,3.0,0.25,0.18160630238987188,0.013101075734278218,5.2015653355719484
gbm_vol_0.30,2024-03-11,3.0,0.5,0.15956813926859165,0.013437808126813333,5.2015653355719484
gbm_vol_0.30,2024-03-11,3.0,1.0,0.12201911336208877,0.013028967925179748,5.2015653355719484
gbm_vol_0.30,2024-03-11,3.0,2.0,0.09889488087208392,0.019397809695873756,5.2015653355719484
gbm_vol_0.30,2024-03-11,3.0,4.0,0.0727336715609721,0.029841989730884665,5.2015653355719484
gbm_vol_0.30,2024-03-11,3.0,8.0,0.043817353568906155,0.04956813614227988,5.2015653355719484
gbm_vol_0.30,2024-03-11,3.0,16.0,0.023587816867443063,0.16402346508331833,5.2015653355719484
gbm_vol_0.30,2024-03-13,0.03,0.25,0.048904131050372314,0.003624221953336075,3.4810338485113594
gbm_vol_0.30,2024-03-13,0.03,0.5,0.037125872817678485,0.006210092237006603,3.4810338485113594
gbm_vol_0.30,2024-03-13,0.03,1.0,0.025412021202815736,0.007458260615413909,3.4810338485113594
gbm_vol_0.30,2024-03-13,0.03,2.0,0.014711406580134175,0.020379476910620656,3.4810338485113594
gbm_vol_0.30,2024-03-13,0.03,4.0,0.0,0.0560062093643846,3.4810338485113594
gbm_vol_0.30,2024-03-13,0.03,8.0,0.0,0.0560062093643846,3.4810338485113594
gbm_vol_0.30,2024-03-13,0.03,16.0,0.0,0.0560062093643846,3.4810338485113594
gbm_vol_0.30,2024-03-13,0.3,0.25,0.05556480050467554,0.00280957658135966,3.4810338485113594
gbm_vol_0.30,2024-03-13,0.3,0.5,0.04975038008492019,0.0034854770294487207,3.4810338485113594
gbm_vol_0.30,2024-03-13,0.3,1.0,0.03879660253258194,0.006299178234579797,3.4810338485113594
gbm_vol_0.30,2024-03-13,0.3,2.0,0.02620874008590298,0.0068787332149080555,3.4810338485113594
gbm_vol_0.30,2024-03-13,0.3,4.0,0.016214602985335155,0.01816951540772182,3.4810338485113594
gbm_vol_0.30,2024-03-13,0.3,8.0,0.0,0.0560062093643846,3.4810338485113594
gbm_vol_0.30,2024-03-13,0.3,16.0,0.0,0.0560062093643846,3.4810338485113594
gbm_vol_0.30,2024-03-13,3.0,0.25,0.061250860559565044,0.0023206645374737054,3.4810338485113594
gbm_vol_0.30,2024-03-13,3.0,0.5,0.05606085854209013,0.0027500222349663215,3.4810338485113594
gbm_vol_0.30,2024-03-13,3.0,1.0,0.0505359680987628,0.0033718829994365054,3.4810338485113594
gbm_vol_0.30,2024-03-13,3.0,2.0,0.04036277571301075,0.005871969781535085,3.4810338485113594
gbm_vol_0.30,2024-03-13,3.0,4.0,0.026948348380156223,0.006486113161406359,3.4810338485113594
gbm_vol_0.30,2024-03-13,3.0,8.0,0.017612960411231643,0.01635353718917413,3.4810338485113594
gbm_vol_0.30,2024-03-13,3.0,16.0,0.0,0.0560062093643846,3.4810338485113594
gbm_vol_0.30,2024-03-18,0.03,0.25,0.11760676471805895,0.004568852813946877,4.2545470963945675
gbm_vol_0.30,2024-03-18,0.03,0.5,0.10938719441128902,0.00869294907011442,4.2545470963945675
gbm_vol_0.30,2024-03-18,0.03,1.0,0.10659372610154927,0.029873979775698934,4.2545470963945675
gbm_vol_0.30,2024-03-18,0.03,2.0,0.10749295813140863,0.1304884900605851,4.2545470963945675
gbm_vol_0.30,2024-03-18,0.03,4.0,0.10917693887489563,0.5521898691827153,4.2545470963945675
gbm_vol_0.30,2024-03-18,0.03,8.0,0.11068077913215496,1.0096379834026705,4.2545470963945675
gbm_vol_0.30,2024-03-18,0.03,16.0,0.11136929100939477,1.405356012021206,4.2545470963945675
gbm_vol_0.30,2024-03-18,0.3,0.25,0.12943445569367268,0.004333769791952908,4.2545470963945675
gbm_vol_0.30,2024-03-18,0.3,0.5,0.11877314863420005,0.004446502356613191,4.2545470963945675
gbm_vol_0.30,2024-03-18,0.3,1.0,0.11054651152302149,0.0077866673539092515,4.2545470963945675
gbm_vol_0.30,2024-03-18,0.3,2.0,0.10652926714141432,0.025678493022330665,4.2545470963945675
gbm_vol_0.30,2024-03-18,0.3,4.0,0.10736404021113878,0.11124108552168697,4.2545470963945675
gbm_vol_0.30,2024-03-18,0.3,8.0,0.1089768777946179,0.4781583885458209,4.2545470963945675
gbm_vol_0.30,2024-03-18,0.3,16.0,0.11057287654571793,0.9833611920163066,4.2545470963945675
gbm_vol_0.30,2024-03-18,3.0,0.25,0.13773144229317613,0.004808024255212786,4.2545470963945675
gbm_vol_0.30,2024-03-18,3.0,0.5,0.13052441876159016,0.004369338038830569,4.2545470963945675
gbm_vol_0.30,2024-03-18,3.0,1.0,0.11985592354637327,0.004360724620441412,4.2545470963945675
gbm_vol_0.30,2024-03-18,3.0,2.0,0.11162435499081926,0.007036962714307058,4.2545470963945675
gbm_vol_0.30,2024-03-18,3.0,4.0,0.10646942874349662,0.02214496270918054,4.2545470963945675
gbm_vol_0.30,2024-03-18,3.0,8.0,0.10724436341530336,0.09481823624513529,4.2545470963945675
gbm_vol_0.30,2024-03-18,3.0,16.0,0.10879115753936636,0.4147698415501837,4.2545470963945675
gbm_vol_0.30,2024-03-19,0.03,0.25,0.14560279710649504,0.013017618744430503,4.516108080385997
gbm_vol_0.30,2024-03-19,0.03,0.5,0.1298171340408611,0.02286067572383308,4.516108080385997
gbm_vol_0.30,2024-03-19,0.03,1.0,0.12089255897607619,0.06066158199945402,4.516108080385997
gbm_vol_0.30,2024-03-19,0.03,2.0,0.12202764526637587,0.21510041082157952,4.516108080385997
gbm_vol_0.30,2024-03-19,0.03,4.0,0.1242199060253556,0.8293524997586063,4.516108080385997
gbm_vol_0.30,2024-03-19,0.03,8.0,0.12589340162872442,1.6635728779216699,4.516108080385997
gbm_vol_0.30,2024-03-19,0.03,16.0,0.12701142014188826,1.7498300917373746,4.516108080385997
gbm_vol_0.30,2024-03-19,0.3,0.25,0.16704733820254702,0.008508588565930442,4.516108080385997
gbm_vol_0.30,2024-03-19,0.3,0.5,0.14785210000204302,0.012301474712552355,4.516108080385997
gbm_vol_0.30,2024-03-19,0.3,1.0,0.13100474716909954,0.021078269732667194,4.516108080385997
gbm_vol_0.30,2024-03-19,0.3,2.0,0.12081119345582489,0.053804202990875634,4.516108080385997
gbm_vol_0.30,2024-03-19,0.3,4.0,0.12186491422587331,0.186223929163687,4.516108080385997
gbm_vol_0.30,2024-03-19,0.3,8.0,0.12393901710487414,0.7248661954264782,4.516108080385997
gbm_vol_0.30,2024-03-19,0.3,16.0,0.1257577469570904,1.5978506199537215,4.516108080385997
gbm_vol_0.30,2024-03-19,3.0,0.25,0.17905075694675393,0.007294755165037637,4.516108080385997
gbm_vol_0.30,2024-03-19,3.0,0.5,0.16865369581860928,0.008338062408979684,4.516108080385997
gbm_vol_0.30,2024-03-19,3.0,1.0,0.1500562912321664,0.011605559937496053,4.516108080385997
gbm_vol_0.30,2024-03-19,3.0,2.0,0.13210722953603632,0.019581666997231833,4.516108080385997
gbm_vol_0.30,2024-03-19,3.0,4.0,0.120735660397777,0.04794283626452218,4.516108080385997
gbm_vol_0.30,2024-03-19,3.0,8.0,0.1217138481097775,0.16143521836206734,4.516108080385997
gbm_vol_0.30,2024-03-19,3.0,16.0,0.1236702235337785,0.6328003707008446,4.516108080385997
gbm_vol_0.30,2024-03-22,0.03,0.25,0.1530057942488439,0.01032285011352016,5.7003639193702185
gbm_vol_0.30,2024-03-22,0.03,0.5,0.1299569270728713,0.016007722444065228,5.7003639193702185
gbm_vol_0.30,2024-03-22,0.03,1.0,0.11732771635508792,0.03059007094537006,5.7003639193702185
gbm_vol_0.30,2024-03-22,0.03,2.0,0.11798033708404629,0.12308667986758785,5.7003639193702185
gbm_vol_0.30,2024-03-22,0.03,4.0,0.11928213350429072,0.5635366446317603,5.7003639193702185
gbm_vol_0.30,2024-03-22,0.03,8.0,0.11992718809356466,1.5310414960135015,5.7003639193702185
gbm_vol_0.30,2024-03-22,0.03,16.0,0.11932508892401117,2.3680945140970087,5.7003639193702185
gbm_vol_0.30,2024-03-22,0.3,0.25,0.17156887244548344,0.009361569119878064,5.7003639193702185
gbm_vol_0.30,2024-03-22,0.3,0.5,0.15475784110868138,0.010109591678169423,5.7003639193702185
gbm_vol_0.30,2024-03-22,0.3,1.0,0.1332773624304534,0.015304592902248648,5.7003639193702185
gbm_vol_0.30,2024-03-22,0.3,2.0,0.11728089458215218,0.027242327812464627,5.7003639193702185
gbm_vol_0.30,2024-03-22,0.3,4.0,0.11788679911893515,0.10457815991832024,5.7003639193702185
gbm_vol_0.30,2024-03-22,0.3,8.0,0.1190970864151778,0.4797764125239734,5.7003639193702185
gbm_vol_0.30,2024-03-22,0.3,16.0,0.11996443270223861,1.3943873827120083,5.7003639193702185
gbm_vol_0.30,2024-03-22,3.0,0.25,0.1839595578793761,0.008464959132129808,5.7003639193702185
gbm_vol_0.30,2024-03-22,3.0,0.5,0.17314541847338796,0.00924836570258872,5.7003639193702185
gbm_vol_0.30,2024-03-22,3.0,1.0,0.15683722031597144,0.009912363145665215,5.7003639193702185
gbm_vol_0.30,2024-03-22,3.0,2.0,0.13635464464667524,0.014532538379458554,5.7003639193702185
gbm_vol_0.30,2024-03-22,3.0,4.0,0.1172374290984665,0.02452758757023045,5.7003639193702185
gbm_vol_0.30,2024-03-22,3.0,8.0,0.11779996616405941,0.08896851994569138,5.7003639193702185
gbm_vol_0.30,2024-03-22,3.0,16.0,0.11892446160350814,0.4082222237878888,5.7003639193702185
gbm_vol_0.30,2024-03-25,0.03,0.25,0.10651093911994729,0.021083819613891597,3.3826568434899236
gbm_vol_0.30,2024-03-25,0.03,0.5,0.09439430378541658,0.03484725908460602,3.3826568434899236
gbm_vol_0.30,2024-03-25,0.03,1.0,0.08167358359020468,0.04699845177127286,3.3826568434899236
gbm_vol_0.30,2024-03-25,0.03,2.0,0.07697276716528484,0.16750699230386223,3.3826568434899236
gbm_vol_0.30,2024-03-25,0.03,4.0,0.06741777703748665,0.6313457811638042,3.3826568434899236
gbm_vol_0.30,2024-03-25,0.03,8.0,0.04611919615154814,0.8903494226704265,3.3826568434899236
gbm_vol_0.30,2024-03-25,0.03,16.0,0.003060969187352095,1.022896378355638,3.3826568434899236
gbm_vol_0.30,2024-03-25,0.3,0.25,0.12244976168646643,0.017304608243481286,3.3826568434899236
gbm_vol_0.30,2024-03-25,0.3,0.5,0.10807920176578745,0.020464529519543913,3.3826568434899236
gbm_vol_0.30,2024-03-25,0.3,1.0,0.09567410079859627,0.03229607078433283,3.3826568434899236
gbm_vol_0.30,2024-03-25,0.3,2.0,0.08201054860977022,0.04181719414865203,3.3826568434899236
gbm_vol_0.30,2024-03-25,0.3,4.0,0.07764669720441592,0.14470363007895856,3.3826568434899236
gbm_vol_0.30,2024-03-25,0.3,8.0,0.06884161740705927,0.560079697489807,3.3826568434899236
gbm_vol_0.30,2024-03-25,0.3,16.0,0.0491995360680946,0.8784124759408144,3.3826568434899236
gbm_vol_0.30,2024-03-25,3.0,0.25,0.136176092237628,0.016195516996532374,3.3826568434899236
gbm_vol_0.30,2024-03-25,3.0,0.5,0.12364310216989047,0.01714254982291308,3.3826568434899236
gbm_vol_0.30,2024-03-25,3.0,1.0,0.10981105150618936,0.019913356763834936,3.3826568434899236
gbm_vol_0.30,2024-03-25,3.0,2.0,0.09686215910372943,0.030072464215621285,3.3826568434899236
gbm_vol_0.30,2024-03-25,3.0,4.0,0.08232335922419694,0.037421271824483404,3.3826568434899236
gbm_vol_0.30,2024-03-25,3.0,8.0,0.07827231843326934,0.12519058850807332,3.3826568434899236
gbm_vol_0.30,2024-03-25,3.0,16.0,0.07014453372404779,0.4968972412557783,3.3826568434899236
gbm_vol_0.30,2024-03-28,0.03,0.25,0.12168999122188429,0.007352174919257534,4.968760595179509
gbm_vol_0.30,2024-03-28,0.03,0.5,0.10087703970348902,0.013092532566776359,4.968760595179509
gbm_vol_0.30,2024-03-28,0.03,1.0,0.096243432895087,0.03390308304641116,4.968760595179509
gbm_vol_0.30,2024-03-28,0.03,2.0,0.09679622183950395,0.12617015565498474,4.968760595179509
gbm_vol_0.30,2024-03-28,0.03,4.0,0.09788222855057765,0.5200265483214611,4.968760595179509
gbm_vol_0.30,2024-03-28,0.03,8.0,0.09833221834326233,1.370640661522705,4.968760595179509
gbm_vol_0.30,2024-03-28,0.03,16.0,0.09797671001018501,1.5925137711137842,4.968760595179509
gbm_vol_0.30,2024-03-28,0.3,0.25,0.13772088341559854,0.004607947149443779,4.968760595179509
gbm_vol_0.30,2024-03-28,0.3,0.5,0.1236468743096097,0.006994757907329719,4.968760595179509
gbm_vol_0.30,2024-03-28,0.3,1.0,0.10272506506451068,0.011954760687518218,4.968760595179509
gbm_vol_0.30,2024-03-28,0.3,2.0,0.0962038077490201,0.030047732755719883,4.968760595179509
gbm_vol_0.30,2024-03-28,0.3,4.0,0.09671697154737018,0.10853229720781142,4.968760595179509
gbm_vol_0.30,2024-03-28,0.3,8.0,0.09772715731303927,0.44639674263664497,4.968760595179509
gbm_vol_0.30,2024-03-28,0.3,16.0,0.09835048372429553,1.302250235713631,4.968760595179509
gbm_vol_0.30,2024-03-28,3.0,0.25,0.14848275505007238,0.003621907461500295,4.968760595179509
gbm_vol_0.30,2024-03-28,3.0,0.5,0.13886185765148862,0.004455770673228372,4.968760595179509
gbm_vol_0.30,2024-03-28,3.0,1.0,0.1254691618469998,0.006629228002411108,4.968760595179509
gbm_vol_0.30,2024-03-28,3.0,2.0,0.10465320710971844,0.010964273343236729,4.968760595179509
gbm_vol_0.30,2024-03-28,3.0,4.0,0.09616702302191725,0.026799038437971864,4.968760595179509
gbm_vol_0.30,2024-03-28,3.0,8.0,0.09664340209316444,0.0934799432605248,4.968760595179509
gbm_vol_0.30,2024-03-28,3.0,16.0,0.09758302004088451,0.38320044642588796,4.968760595179509
gbm_vol_0.30,2024-04-01,0.03,0.25,0.08168490971623131,0.009273051049935527,3.347962506423602
gbm_vol_0.30,2024-04-01,0.03,0.5,0.06135868506999589,0.012637684517987245,3.347962506423602
gbm_vol_0.30,2024-04-01,0.03,1.0,0.0354508566961222,0.015644205754898294,3.347962506423602
gbm_vol_0.30,2024-04-01,0.03,2.0,0.020219068314175623,0.05159146367698129,3.347962506423602
gbm_vol_0.30,2024-04-01,0.03,4.0,0.0,0.17051202582081734,3.347962506423602
gbm_vol_0.30,2024-04-01,0.03,8.0,0.0,0.17051202582081734,3.347962506423602
gbm_vol_0.30,2024-04-01,0.03,16.0,0.0,0.17051202582081734,3.347962506423602
gbm_vol_0.30,2024-04-01,0.3,0.25,0.10023343465888754,0.005955343420992542,3.347962506423602
gbm_vol_0.30,2024-04-01,0.3,0.5,0.08369846231575728,0.008748020903901048,3.347962506423602
gbm_vol_0.30,2024-04-01,0.3,1.0,0.06416807203764348,0.012602831627771337,3.347962506423602
gbm_vol_0.30,2024-04-01,0.3,2.0,0.03654980473839205,0.014578451382416195,3.347962506423602
gbm_vol_0.30,2024-04-01,0.3,4.0,0.022443993655120804,0.04441526896973394,3.347962506423602
gbm_vol_0.30,2024-04-01,0.3,8.0,0.0,0.17051202582081734,3.347962506423602
gbm_vol_0.30,2024-04-01,0.3,16.0,0.0,0.17051202582081734,3.347962506423602
gbm_vol_0.30,2024-04-01,3.0,0.25,0.10976082371455657,0.0048253133334897075,3.347962506423602
gbm_vol_0.30,2024-04-01,3.0,0.5,0.10143052627389486,0.0057911879989368305,3.347962506423602
gbm_vol_0.30,2024-04-01,3.0,1.0,0.08596821885673021,0.0082751976146723,3.347962506423602
gbm_vol_0.30,2024-04-01,3.0,2.0,0.06677805970075715,0.01265769228361996,3.347962506423602
gbm_vol_0.30,2024-04-01,3.0,4.0,0.03797952543411059,0.013652104825327853,3.347962506423602
gbm_vol_0.30,2024-04-01,3.0,8.0,0.024510169844706633,0.03905244922116131,3.347962506423602
gbm_vol_0.30,2024-04-01,3.0,16.0,0.0,0.17051202582081734,3.347962506423602
gbm_vol_0.35,2024-03-04,0.03,0.25,0.1088249757701571,0.026949715044311987,6.030366377666132
gbm_vol_0.35,2024-03-04,0.03,0.5,0.08351796300785626,0.042985929925910035,6.030366377666132
gbm_vol_0.35,2024-03-04,0.03,1.0,0.060956169828214765,0.0941953984747277,6.030366377666132
gbm_vol_0.35,2024-03-04,0.03,2.0,0.051412502734914586,0.17239455428329944,6.030366377666132
gbm_vol_0.35,2024-03-04,0.03,4.0,0.035004993093642925,0.3908682685672941,6.030366377666132
gbm_vol_0.35,2024-03-04,0.03,8.0,0.0012081790833661326,1.3772144103851642,6.030366377666132
gbm_vol_0.35,2024-03-04,0.03,16.0,0.0,1.4130693221557584,6.030366377666132
gbm_vol_0.35,2024-03-04,0.3,0.25,0.13049927927011548,0.01777999147327255,6.030366377666132
gbm_vol_0.35,2024-03-04,0.3,0.5,0.11100302048528632,0.025474519333949622,6.030366377666132
gbm_vol_0.35,2024-03-04,0.3,1.0,0.08637227746150948,0.03995012402248265,6.030366377666132
gbm_vol_0.35,2024-03-04,0.3,2.0,0.06399336127034222,0.09243254200854482,6.030366377666132
gbm_vol_0.35,2024-03-04,0.3,4.0,0.05258862966852214,0.16931080144939392,6.030366377666132
gbm_vol_0.35,2024-03-04,0.3,8.0,0.037357246960858036,0.3394404822160886,6.030366377666132
gbm_vol_0.35,2024-03-04,0.3,16.0,0.006161972912006569,1.2397564822880958,6.030366377666132
gbm_vol_0.35,2024-03-04,3.0,0.25,0.14552812475553303,0.014965787899930083,6.030366377666132
gbm_vol_0.35,2024-03-04,3.0,0.5,0.13234100537126903,0.01734856459816076,6.030366377666132
gbm_vol_0.35,2024-03-04,3.0,1.0,0.11302208910200581,0.02416390959730298,6.030366377666132
gbm_vol_0.35,2024-03-04,3.0,2.0,0.08945605209080801,0.037311959486273055,6.030366377666132
gbm_vol_0.35,2024-03-04,3.0,4.0,0.0668755593253768,0.08325012340490036,6.030366377666132
gbm_vol_0.35,2024-03-04,3.0,8.0,0.05368438693440552,0.1655435310753858,6.030366377666132
gbm_vol_0.35,2024-03-04,3.0,16.0,0.03954088601763565,0.2977227447856345,6.030366377666132
gbm_vol_0.35,2024-03-07,0.03,0.25,0.11677959308417017,0.013693367437598985,6.296970062626515
gbm_vol_0.35,2024-03-07,0.03,0.5,0.08295872896428826,0.022167723796643377,6.296970062626515
gbm_vol_0.35,2024-03-07,0.03,1.0,0.05839060425191884,0.03573955013732452,6.296970062626515
gbm_vol_0.35,2024-03-07,0.03,2.0,0.038702719568422764,0.07130408676207364,6.296970062626515
gbm_vol_0.35,2024-03-07,0.03,4.0,0.015300845785186635,0.3700565586282423,6.296970062626515
gbm_vol_0.35,2024-03-07,0.03,8.0,0.0,0.6947734526248377,6.296970062626515
gbm_vol_0.35,2024-03-07,0.03,16.0,0.0,0.6947734526248377,6.296970062626515
gbm_vol_0.35,2024-03-07,0.3,0.25,0.14741036591420625,0.011576404123116456,6.296970062626515
gbm_vol_0.35,2024-03-07,0.3,0.5,0.12061317217610082,0.013229160564840357,6.296970062626515
gbm_vol_0.35,2024-03-07,0.3,1.0,0.08740576555885793,0.020995112932182446,6.296970062626515
gbm_vol_0.35,2024-03-07,0.3,2.0,0.06151055757629682,0.0337991992520218,6.296970062626515
gbm_vol_0.35,2024-03-07,0.3,4.0,0.040380218144082,0.06410230859947984,6.296970062626515
gbm_vol_0.35,2024-03-07,0.3,8.0,0.018655842936505115,0.30450336375595444,6.296970062626515
gbm_vol_0.35,2024-03-07,0.3,16.0,0.0,0.6947734526248377,6.296970062626515
gbm_vol_0.35,2024-03-07,3.0,0.25,0.16679106832066362,0.011626752359096222,6.296970062626515
gbm_vol_0.35,2024-03-07,3.0,0.5,0.1496673030530803,0.011576359959822768,6.296970062626515
gbm_vol_0.35,2024-03-07,3.0,1.0,0.12417064459696682,0.012837352796335683,6.296970062626515
gbm_vol_0.35,2024-03-07,3.0,2.0,0.09151160585789667,0.019563314027534532,6.296970062626515
gbm_vol_0.35,2024-03-07,3.0,4.0,0.06439674569715041,0.03227501393203359,6.296970062626515
gbm_vol_0.35,2024-03-07,3.0,8.0,0.04192174822074013,0.058873348876548756,6.296970062626515
gbm_vol_0.35,2024-03-07,3.0,16.0,0.021770346399377617,0.250456560205232,6.296970062626515
gbm_vol_0.35,2024-03-11,0.03,0.25,0.12100824954117376,0.00513663698810468,3.8845461486770283
gbm_vol_0.35,2024-03-11,0.03,0.5,0.11337347784949325,0.011447624198026168,3.8845461486770283
gbm_vol_0.35,2024-03-11,0.03,1.0,0.10062189500237226,0.03196218641640061,3.8845461486770283
gbm_vol_0.35,2024-03-11,0.03,2.0,0.09873283732816662,0.10800265820284048,3.8845461486770283
gbm_vol_0.35,2024-03-11,0.03,4.0,0.10072229868949878,0.4943577859772537,3.8845461486770283
gbm_vol_0.35,2024-03-11,0.03,8.0,0.10248214989151733,0.855876925063151,3.8845461486770283
gbm_vol_0.35,2024-03-11,0.03,16.0,0.10330919626806488,1.2777722368671844,3.8845461486770283
gbm_vol_0.35,2024-03-11,0.3,0.25,0.1311453195384516,0.003534278505631107,3.8845461486770283
gbm_vol_0.35,2024-03-11,0.3,0.5,0.12218124010527338,0.004835670334866978,3.8845461486770283
gbm_vol_0.35,2024-03-11,0.3,1.0,0.11428649096896729,0.01022276769309267,3.8845461486770283
gbm_vol_0.35,2024-03-11,0.3,2.0,0.10245003486165385,0.028588388483491378,3.8845461486770283
gbm_vol_0.35,2024-03-11,0.3,4.0,0.09858422614735682,0.09239888071753448,3.8845461486770283
gbm_vol_0.35,2024-03-11,0.3,8.0,0.10046825510952734,0.4208686540322889,3.8845461486770283
gbm_vol_0.35,2024-03-11,0.3,16.0,0.10231599589332123,0.812837947031661,3.8845461486770283
gbm_vol_0.35,2024-03-11,3.0,0.25,0.1392232390238634,0.0032664003352607662,3.8845461486770283
gbm_vol_0.35,2024-03-11,3.0,0.5,0.13196678731584882,0.0034836780677328983,3.8845461486770283
gbm_vol_0.35,2024-03-11,3.0,1.0,0.12327014808612502,0.004582841135820134,3.8845461486770283
gbm_vol_0.35,2024-03-11,3.0,2.0,0.11513565054990856,0.009188232870400851,3.8845461486770283
gbm_vol_0.35,2024-03-11,3.0,4.0,0.10414712957307867,0.025857818360550813,3.8845461486770283
gbm_vol_0.35,2024-03-11,3.0,8.0,0.09844626774787746,0.07940678783479208,3.8845461486770283
gbm_vol_0.35,2024-03-11,3.0,16.0,0.10022456098869469,0.3583704100833178,3.8845461486770283
gbm_vol_0.35,2024-03-13,0.03,0.25,0.08288856207858722,0.006296971389563379,9.139660536350377
gbm_vol_0.35,2024-03-13,0.03,0.5,0.07855604787045918,0.013004538745324727,9.139660536350377
gbm_vol_0.35,2024-03-13,0.03,1.0,0.07077741243755256,0.030809340766047136,9.139660536350377
gbm_vol_0.35,2024-03-13,0.03,2.0,0.055901443830699796,0.07382196185805875,9.139660536350377
gbm_vol_0.35,2024-03-13,0.03,4.0,0.028200877220179256,0.2192018940617827,9.139660536350377
gbm_vol_0.35,2024-03-13,0.03,8.0,0.0,0.4834616354278793,9.139660536350377
gbm_vol_0.35,2024-03-13,0.03,16.0,0.0,0.4834616354278793,9.139660536350377
gbm_vol_0.35,2024-03-13,0.3,0.25,0.08969943443552866,0.0037705198786214394,9.139660536350377
gbm_vol_0.35,2024-03-13,0.3,0.5,0.08373401956599853,0.006046962030989222,9.139660536350377
gbm_vol_0.35,2024-03-13,0.3,1.0,0.07912949466282594,0.011881448878802882,9.139660536350377
gbm_vol_0.35,2024-03-13,0.3,2.0,0.0718746581888591,0.02751654015891775,9.139660536350377
gbm_vol_0.35,2024-03-13,0.3,4.0,0.05799146099275182,0.0664591493431303,9.139660536350377
gbm_vol_0.35,2024-03-13,0.3,8.0,0.03204875409868277,0.19166349676821845,9.139660536350377
gbm_vol_0.35,2024-03-13,0.3,16.0,0.0,0.4834616354278793,9.139660536350377
gbm_vol_0.35,2024-03-13,3.0,0.25,0.0938584315951959,0.0028881378263823196,9.139660536350377
gbm_vol_0.35,2024-03-13,3.0,0.5,0.09024319551532274,0.003638048232461055,9.139660536350377
gbm_vol_0.35,2024-03-13,3.0,1.0,0.08452713313321691,0.0056988530646448245,9.139660536350377
gbm_vol_0.35,2024-03-13,3.0,2.0,0.0796649456757633,0.010817194823621736,9.139660536350377
gbm_vol_0.35,2024-03-13,3.0,4.0,0.07290629506080293,0.02457272606711902,9.139660536350377
gbm_vol_0.35,2024-03-13,3.0,8.0,0.05993166105703978,0.06076961033118266,9.139660536350377
gbm_vol_0.35,2024-03-13,3.0,16.0,0.03567586053838225,0.16769954010144392,9.139660536350377
gbm_vol_0.35,2024-03-18,0.03,0.25,0.11251803116808412,0.004137647897675879,5.171263877794262
gbm_vol_0.35,2024-03-18,0.03,0.5,0.10626710744840384,0.008798089526359049,5.171263877794262
gbm_vol_0.35,2024-03-18,0.03,1.0,0.10241466900666577,0.022855314706223536,5.171263877794262
gbm_vol_0.35,2024-03-18,0.03,2.0,0.10333715552774625,0.08998185838054358,5.171263877794262
gbm_vol_0.35,2024-03-18,0.03,4.0,0.10518176524490783,0.3845032738339288,5.171263877794262
gbm_vol_0.35,2024-03-18,0.03,8.0,0.1070380587040676,0.9017143626478462,5.171263877794262
gbm_vol_0.35,2024-03-18,0.03,16.0,0.10769523823095979,1.3042407221078642,5.171263877794262
gbm_vol_0.35,2024-03-18,0.3,0.25,0.11855856915657305,0.002441607530525468,5.171263877794262
gbm_vol_0.35,2024-03-18,0.3,0.5,0.11296444571630412,0.0038652812514265817,5.171263877794262
gbm_vol_0.35,2024-03-18,0.3,1.0,0.10716767894901788,0.00825607537942561,5.171263877794262
gbm_vol_0.35,2024-03-18,0.3,2.0,0.1023485401391904,0.020097722711750202,5.171263877794262
gbm_vol_0.35,2024-03-18,0.3,4.0,0.10320492978369485,0.07708010290660053,5.171263877794262
gbm_vol_0.35,2024-03-18,0.3,8.0,0.10491731375680499,0.3291539350362609,5.171263877794262
gbm_vol_0.35,2024-03-18,0.3,16.0,0.1069179794302172,0.853081299135658,5.171263877794262
gbm_vol_0.35,2024-03-18,3.0,0.25,0.12526250731259866,0.001962833352314418,5.171263877794262
gbm_vol_0.35,2024-03-18,3.0,0.5,0.11943027125438546,0.0023610818298384325,5.171263877794262
gbm_vol_0.35,2024-03-18,3.0,1.0,0.11337886027274019,0.003629879875259334,5.171263877794262
gbm_vol_0.35,2024-03-18,3.0,2.0,0.10800567791118698,0.007803556576447248,5.171263877794262
gbm_vol_0.35,2024-03-18,3.0,4.0,0.10228715153661978,0.017783852656007185,5.171263877794262
gbm_vol_0.35,2024-03-18,3.0,8.0,0.10308216206900661,0.06608170203318083,5.171263877794262
gbm_vol_0.35,2024-03-18,3.0,16.0,0.10467181874196291,0.28170434913277176,5.171263877794262
gbm_vol_0.35,2024-03-19,0.03,0.25,0.06873686551225636,0.011555382181610596,5.623204631438261
gbm_vol_0.35,2024-03-19,0.03,0.5,0.05268538482284236,0.017649707813762124,5.623204631438261
gbm_vol_0.35,2024-03-19,0.03,1.0,0.04344429177844162,0.04058514774998396,5.623204631438261
gbm_vol_0.35,2024-03-19,0.03,2.0,0.03380115333008201,0.07770954764275874,5.623204631438261
gbm_vol_0.35,2024-03-19,0.03,4.0,0.014429532355485239,0.12608297516949174,5.623204631438261
gbm_vol_0.35,2024-03-19,0.03,8.0,0.0,0.28864250223418186,5.623204631438261
gbm_vol_0.35,2024-03-19,0.03,16.0,0.0,0.28864250223418186,5.623204631438261
gbm_vol_0.35,2024-03-19,0.3,0.25,0.08421708038722726,0.012240049484055033,5.623204631438261
gbm_vol_0.35,2024-03-19,0.3,0.5,0.07074910670419872,0.011646643601183136,5.623204631438261
gbm_vol_0.35,2024-03-19,0.3,1.0,0.053925054519569034,0.016605373488720286,5.623204631438261
gbm_vol_0.35,2024-03-19,0.3,2.0,0.044180184895181655,0.03641874804311528,5.623204631438261
gbm_vol_0.35,2024-03-19,0.3,4.0,0.03513858204882662,0.07524838960067044,5.623204631438261
gbm_vol_0.35,2024-03-19,0.3,8.0,0.01737182662465747,0.11069602629092855,5.623204631438261
gbm_vol_0.35,2024-03-19,0.3,16.0,0.0,0.28864250223418186,5.623204631438261
gbm_vol_0.35,2024-03-19,3.0,0.25,0.09385358046623085,0.011051878252315035,5.623204631438261
gbm_vol_0.35,2024-03-19,3.0,0.5,0.08535374310533561,0.012255955267620878,5.623204631438261
gbm_vol_0.35,2024-03-19,3.0,1.0,0.07267339774815836,0.011823017310823636,5.623204631438261
gbm_vol_0.35,2024-03-19,3.0,2.0,0.05541400735759757,0.015683636238477752,5.623204631438261
gbm_vol_0.35,2024-03-19,3.0,4.0,0.04486332754986026,0.03289906854298786,5.623204631438261
gbm_vol_0.35,2024-03-19,3.0,8.0,0.03638014089016221,0.07418821186971597,5.623204631438261
gbm_vol_0.35,2024-03-19,3.0,16.0,0.020103210669656014,0.1031344043341239,5.623204631438261
gbm_vol_0.35,2024-03-22,0.03,0.25,0.059468127605429834,0.00837633142865745,4.473271828503642
gbm_vol_0.35,2024-03-22,0.03,0.5,0.0528162696699628,0.01562834595928852,4.473271828503642
gbm_vol_0.35,2024-03-22,0.03,1.0,0.04374595390715091,0.030166028416323317,4.473271828503642
gbm_vol_0.35,2024-03-22,0.03,2.0,0.02719489588554044,0.048641413162270976,4.473271828503642
gbm_vol_0.35,2024-03-22,0.03,4.0,0.0,0.16336192324680254,4.473271828503642
gbm_vol_0.35,2024-03-22,0.03,8.0,0.0,0.16336192324680254,4.473271828503642
gbm_vol_0.35,2024-03-22,0.03,16.0,0.0,0.16336192324680254,4.473271828503642
gbm_vol_0.35,2024-03-22,0.3,0.25,0.06366223557711276,0.0061518482210667766,4.473271828503642
gbm_vol_0.35,2024-03-22,0.3,0.5,0.059945331433983035,0.00801454108782085,4.473271828503642
gbm_vol_0.35,2024-03-22,0.3,1.0,0.053769288097226337,0.014370392502176976,4.473271828503642
gbm_vol_0.35,2024-03-22,0.3,2.0,0.044939723415543205,0.0309281914534269,4.473271828503642
gbm_vol_0.35,2024-03-22,0.3,4.0,0.029541468280996228,0.043542495418400544,4.473271828503642
gbm_vol_0.35,2024-03-22,0.3,8.0,0.00028196528746293905,0.1610981064889314,4.473271828503642
gbm_vol_0.35,2024-03-22,0.3,16.0,0.0,0.16336192324680254,4.473271828503642
gbm_vol_0.35,2024-03-22,3.0,0.25,0.06687576396703905,0.005484924027966505,4.473271828503642
gbm_vol_0.35,2024-03-22,3.0,0.5,0.06408675610127154,0.006045424285010775,4.473271828503642
gbm_vol_0.35,2024-03-22,3.0,1.0,0.06038832822637698,0.007698158908305348,4.473271828503642
gbm_vol_0.35,2024-03-22,3.0,2.0,0.05465503447476762,0.013240950344076635,4.473271828503642
gbm_vol_0.35,2024-03-22,3.0,4.0,0.046059784458287414,0.030865447240425038,4.473271828503642
gbm_vol_0.35,2024-03-22,3.0,8.0,0.03171983312659854,0.04010040830167178,4.473271828503642
gbm_vol_0.35,2024-03-22,3.0,16.0,0.004465141449761513,0.13416549342369766,4.473271828503642
gbm_vol_0.35,2024-03-25,0.03,0.25,0.1382281815943591,0.014857925199609824,5.572397263923345
gbm_vol_0.35,2024-03-25,0.03,0.5,0.12168113918131385,0.01203870635374424,5.572397263923345
gbm_vol_0.35,2024-03-25,0.03,1.0,0.1082426810677503,0.029133187162424322,5.572397263923345
gbm_vol_0.35,2024-03-25,0.03,2.0,0.10805393891696087,0.12484103563594098,5.572397263923345
gbm_vol_0.35,2024-03-25,0.03,4.0,0.11007828587618834,0.7118607948864409,5.572397263923345
gbm_vol_0.35,2024-03-25,0.03,8.0,0.11209892766117865,1.7868321940511682,5.572397263923345
gbm_vol_0.35,2024-03-25,0.03,16.0,0.11298802227331285,2.0434547538660284,5.572397263923345
gbm_vol_0.35,2024-03-25,0.3,0.25,0.15311490239331982,0.01844379259862101,5.572397263923345
gbm_vol_0.35,2024-03-25,0.3,0.5,0.14000509523000626,0.015574146415826768,5.572397263923345
gbm_vol_0.35,2024-03-25,0.3,1.0,0.12339262196056222,0.012498868965558298,5.572397263923345
gbm_vol_0.35,2024-03-25,0.3,2.0,0.10977896967619519,0.025627227826675314,5.572397263923345
gbm_vol_0.35,2024-03-25,0.3,4.0,0.10790751522831973,0.10311361735518859,5.572397263923345
gbm_vol_0.35,2024-03-25,0.3,8.0,0.10978893803932895,0.5951538898243997,5.572397263923345
gbm_vol_0.35,2024-03-25,0.3,16.0,0.11194762510749906,1.723727558946637,5.572397263923345
gbm_vol_0.35,2024-03-25,3.0,0.25,0.16279808426726364,0.019873727654082834,5.572397263923345
gbm_vol_0.35,2024-03-25,3.0,0.5,0.154351273524715,0.018595106913124704,5.572397263923345
gbm_vol_0.35,2024-03-25,3.0,1.0,0.14165526187508565,0.016288356663650253,5.572397263923345
gbm_vol_0.35,2024-03-25,3.0,2.0,0.12512948261747026,0.013115474584715396,5.572397263923345
gbm_vol_0.35,2024-03-25,3.0,4.0,0.11120454922799614,0.022010746758686334,5.572397263923345
gbm_vol_0.35,2024-03-25,3.0,8.0,0.10777158751668514,0.08538910723517747,5.572397263923345
gbm_vol_0.35,2024-03-25,3.0,16.0,0.10952033130160962,0.4965717940384129,5.572397263923345
gbm_vol_0.35,2024-03-28,0.03,0.25,0.10590168013404798,0.01942117034345669,7.015947933996356
gbm_vol_0.35,2024-03-28,0.03,0.5,0.08588164393513285,0.024810106111329274,7.015947933996356
gbm_vol_0.35,2024-03-28,0.03,1.0,0.060902655334564695,0.04273399293927996,7.015947933996356
gbm_vol_0.35,2024-03-28,0.03,2.0,0.032436828196120635,0.0765617623900126,7.015947933996356
gbm_vol_0.35,2024-03-28,0.03,4.0,0.009133737967162077,0.3744212013094855,7.015947933996356
gbm_vol_0.35,2024-03-28,0.03,8.0,0.0,0.6284431541381406,7.015947933996356
gbm_vol_0.35,2024-03-28,0.03,16.0,0.0,0.6284431541381406,7.015947933996356
gbm_vol_0.35,2024-03-28,0.3,0.25,0.12499911244225287,0.014543364589307233,7.015947933996356
gbm_vol_0.35,2024-03-28,0.3,0.5,0.10766055223445917,0.019328852908840715,7.015947933996356
gbm_vol_0.35,2024-03-28,0.3,1.0,0.08843898957171409,0.023393435233292483,7.015947933996356
gbm_vol_0.35,2024-03-28,0.3,2.0,0.06359452440415832,0.04034246224316894,7.015947933996356
gbm_vol_0.35,2024-03-28,0.3,4.0,0.03455819434932075,0.07230383164311115,7.015947933996356
gbm_vol_0.35,2024-03-28,0.3,8.0,0.01247988107034966,0.30071803103864514,7.015947933996356
gbm_vol_0.35,2024-03-28,0.3,16.0,0.0,0.6284431541381406,7.015947933996356
gbm_vol_0.35,2024-03-28,3.0,0.25,0.136756727663396,0.012647786563332424,7.015947933996356
gbm_vol_0.35,2024-03-28,3.0,0.5,0.12648437694562595,0.014155970083288928,7.015947933996356
gbm_vol_0.35,2024-03-28,3.0,1.0,0.10974283035552924,0.01911515269772636,7.015947933996356
gbm_vol_0.35,2024-03-28,3.0,2.0,0.09081424422424689,0.02226084437067116,7.015947933996356
gbm_vol_0.35,2024-03-28,3.0,4.0,0.06608652256686079,0.03831060821122513,7.015947933996356
gbm_vol_0.35,2024-03-28,3.0,8.0,0.03660597685019173,0.06844307209357813,7.015947933996356
gbm_vol_0.35,2024-03-28,3.0,16.0,0.015586165163034835,0.2415668460736996,7.015947933996356
gbm_vol_0.35,2024-04-01,0.03,0.25,0.14443176007864383,0.01527476709913232,4.852144056031956
gbm_vol_0.35,2024-04-01,0.03,0.5,0.12481382952373132,0.016298694368196174,4.852144056031956
gbm_vol_0.35,2024-04-01,0.03,1.0,0.10961819893717684,0.04032394277008927,4.852144056031956
gbm_vol_0.35,2024-04-01,0.03,2.0,0.09861500157013928,0.11917400907081753,4.852144056031956
gbm_vol_0.35,2024-04-01,0.03,4.0,0.09478274834541803,0.605396410955175,4.852144056031956
gbm_vol_0.35,2024-04-01,0.03,8.0,0.08508220692009996,0.6851381191904451,4.852144056031956
gbm_vol_0.35,2024-04-01,0.03,16.0,0.06524243368908886,0.7562269332253101,4.852144056031956
gbm_vol_0.35,2024-04-01,0.3,0.25,0.1659027807522905,0.014752350553077016,4.852144056031956
gbm_vol_0.35,2024-04-01,0.3,0.5,0.1460791648361433,0.015264870317729162,4.852144056031956
gbm_vol_0.35,2024-04-01,0.3,1.0,0.12717808653161994,0.015524667183792468,4.852144056031956
gbm_vol_0.35,2024-04-01,0.3,2.0,0.11147872909154546,0.0379018159914082,4.852144056031956
gbm_vol_0.35,2024-04-01,0.3,4.0,0.0988845596153057,0.1008308332227908,4.852144056031956
gbm_vol_0.35,2024-04-01,0.3,8.0,0.0953906346290459,0.5467162610419508,4.852144056031956
gbm_vol_0.35,2024-04-01,0.3,16.0,0.08648745868684908,0.6781003964179901,4.852144056031956
gbm_vol_0.35,2024-04-01,3.0,0.25,0.1829196546776064,0.0141274059955899,4.852144056031956
gbm_vol_0.35,2024-04-01,3.0,0.5,0.16813689034319573,0.014813386306637533,4.852144056031956
gbm_vol_0.35,2024-04-01,3.0,1.0,0.14804901619764207,0.015046758077396418,4.852144056031956
gbm_vol_0.35,2024-04-01,3.0,2.0,0.1293728683171412,0.014969545263652325,4.852144056031956
gbm_vol_0.35,2024-04-01,3.0,4.0,0.11322210333573432,0.0336855651460877,4.852144056031956
gbm_vol_0.35,2024-04-01,3.0,8.0,0.09913479513779669,0.08624058152211361,4.852144056031956
gbm_vol_0.35,2024-04-01,3.0,16.0,0.09589350244843733,0.4563682607896266,4.852144056031956
